id,Area,MajorAxisLength,MinorAxisLength,Eccentricity,ConvexArea,EquivDiameter,Extent,Perimeter,Roundness,AspectRation,Class
18057,9429,174.6713776,69.66136016,0.9170319151,9752,109.5690452,0.6449384405,406.975,0.7153853399,2.507435646,0
3257,5842,145.8075716,51.67327984,0.935096321,6020,86.24537912,0.641978022,330.79,0.670913719,2.82172086,1
17107,8359,158.0124457,67.8482643,0.9031212715,8540,103.1649619,0.6662681333,370.413,0.7655820613,2.328909182,0
9811,6493,167.5716428,50.97452941,0.9526096446,6737,90.92383826,0.7966871166,366.921,0.6060523366,3.28736027,1
9564,5594,153.1722031,47.07152582,0.9516090885,5770,84.39491699,0.4968469669,337.176,0.6183281486,3.254030976,1
9932,4989,147.266077,44.54347668,0.9531591073,5104,79.70064045,0.424018358,321.824,0.6053220735,3.306119953,1
9802,6307,164.9858937,50.19454413,0.9525968931,6484,89.61206285,0.4308060109,360.612,0.6094700179,3.286928821,1
6978,6332,158.0228207,51.90701204,0.9445116395,6479,89.78949157,0.7438909774,350.208,0.6487817799,3.044344387,1
16678,8009,153.9836246,66.87430484,0.9007707414,8248,100.9820554,0.6486070619,364.045,0.7594129811,2.302582807,0
7518,6705,163.9801195,53.24787573,0.945809667,6874,92.39627237,0.7046027743,364.002,0.635917983,3.079561715,1
7656,5530,148.3343298,48.02829047,0.9461310095,5686,83.91075427,0.7890981735,326.886,0.6503428257,3.088478236,1
2727,5605,142.4606151,51.13573673,0.9333581426,5762,84.477853,0.7850140056,319.509,0.6899526531,2.785930627,1
10911,5293,154.9311822,43.99705447,0.9588307823,5430,82.09297723,0.5920581655,334.834,0.5932703662,3.521398967,1
13543,7195,142.2222083,65.0681845,0.8892041069,7337,95.71289633,0.7677123346,338.788,0.7877431297,2.185741148,0
11621,8022,147.904679,70.04227819,0.8807596033,8254,101.0639779,0.6074971602,362.12,0.7687541943,2.111648605,0
14312,8510,156.0546549,70.61289342,0.8917703787,8814,104.0925959,0.6404274533,376.07,0.7561397057,2.210002271,0
1770,6104,146.248296,53.96090167,0.9294422063,6283,88.15812034,0.614331723,335.215,0.6826176307,2.710264126,1
7763,9436,155.5758555,78.27337153,0.8642163854,9719,109.6097092,0.7957497048,385.82,0.7965780275,1.987596196,0
2142,5379,138.6769859,50.57997179,0.9311124377,5508,82.75720821,0.5312592593,311.266,0.6976667715,2.741737114,1
6960,5618,148.6595727,48.84849196,0.9444716267,5776,84.57576345,0.525734606,329.295,0.6510604679,3.043278649,1
8651,5322,148.620454,46.97308574,0.9487389681,5555,82.31756105,0.4693121693,327.17,0.6247953465,3.163949136,1
622,5778,137.6146985,54.54579283,0.9180925682,5877,85.77166251,0.5373883929,319.025,0.7134079864,2.522920492,1
12778,7936,148.5844437,68.81446956,0.8862884046,8090,100.520789,0.7508041627,357.983,0.7781919191,2.159203503,0
8659,5820,124.3646191,61.55634842,0.8689119284,5967,86.08283308,0.6126315789,308.454,0.7686914237,2.020337825,0
9025,6601,165.1499443,51.68410731,0.9497687399,6738,91.67690132,0.4527434842,361.726,0.6339575012,3.195371902,1
12582,8133,150.1334832,69.76564978,0.8854730103,8359,101.7607843,0.6203661327,359.489,0.7908414513,2.151968536,0
3740,6209,152.5600035,53.50728444,0.936476834,6421,88.91312801,0.6721151764,346.114,0.6513181654,2.851200637,1
9129,5846,156.3674696,48.77685532,0.9501026707,6015,86.27490005,0.5944681716,344.212,0.6200356512,3.205771848,1
7552,6983,133.397825,67.35949867,0.8631474245,7199,94.29226766,0.6289857683,332.537,0.7935457265,1.98038625,0
7624,5679,150.6839463,48.82303043,0.9460538264,5841,85.03368376,0.4697270471,336.881,0.6288234045,3.086329239,1
14644,9478,165.147048,74.35405398,0.8929129297,9744,109.8533768,0.5814010551,397.899,0.7522823508,2.22109003,0
4289,6694,158.750017,55.04838326,0.9379533619,6900,92.32045013,0.5591379886,356.337,0.662481467,2.883827056,1
14763,9081,161.4446867,72.55214421,0.8933340655,9209,107.5280815,0.5772311213,380.5,0.7881959836,2.225222816,0
13131,9763,165.3940703,76.14578719,0.8877167261,10023,111.4927696,0.7090050835,396.596,0.7800033968,2.172071186,0
12614,9367,161.179661,74.85626242,0.8856111583,9620,109.2082177,0.5818012422,388.926,0.7781734874,2.153188736,0
9599,5438,151.7537982,46.55298037,0.9517848072,5598,83.20983502,0.4855357143,334.497,0.6107515997,3.259808437,1
3653,6432,155.1214467,54.51393623,0.9362151138,6601,90.49572781,0.4707259953,349.306,0.6624358209,2.845537443,1
9026,6366,162.1737171,50.75257677,0.9497689684,6522,90.03023349,0.4932971716,356.934,0.6279147145,3.195378983,1
16682,7897,153.0243645,66.45463888,0.9007803954,8016,100.2734894,0.5808325978,358.285,0.7730627537,2.302688977,0
4449,6863,161.263931,55.72428783,0.9384013981,7086,93.47856971,0.6230029049,362.614,0.6558956155,2.893961274,1
9391,6117,161.2420082,49.84452199,0.9510202346,6369,88.25194783,0.6087778662,356.312,0.6054627745,3.234899278,1
14004,8409,154.1741803,70.08607779,0.8907006864,8743,103.4730464,0.5915998312,385.731,0.7102072971,2.199783254,0
1698,6290,148.7472527,55.03269078,0.9290419084,6465,89.49121039,0.5235122763,339.352,0.6863721972,2.702888966,1
10954,8999,155.4102916,74.53163796,0.877498266,9218,107.0414997,0.6884179927,375.557,0.8017747839,2.085158677,0
8063,6267,158.2124497,50.78656759,0.9470783988,6388,89.32744386,0.7266929499,347.28,0.6529952363,3.115242025,1
7932,6016,156.2163048,50.29374486,0.9467568785,6264,87.52033536,0.6200783344,344.32,0.6376658988,3.106078207,1
2681,5722,143.8393311,51.68924829,0.9332012946,5827,85.35500381,0.5015778401,322.549,0.6911404603,2.782770805,1
10653,8921,153.8815561,74.13297162,0.8763067993,9102,106.5765921,0.77736145,373.308,0.8044310204,2.075750542,0
14704,9795,167.5219596,75.34240145,0.8931562901,10087,111.675339,0.601843318,399.145,0.7725968225,2.22347518,0
636,6991,151.1082747,59.8139246,0.918321705,7133,94.34626467,0.531190639,350.981,0.7131517498,2.526305968,1
7745,6924,166.7783477,53.89376367,0.9463491072,7072,93.89308072,0.4627105052,373.016,0.6253339418,3.094576001,1
8084,6680,164.3741637,52.73714344,0.9471347758,6807,92.22385895,0.4556927485,360.487,0.6459622092,3.11685755,1
10980,9226,157.8603388,75.66695496,0.8776355827,9573,108.3831539,0.6177435554,402.123,0.7169774332,2.086252035,0
1088,5051,130.5082648,49.63508718,0.9248543808,5136,80.19434482,0.5375691784,296.572,0.7216505395,2.629355003,1
17938,8838,167.3237256,68.44850751,0.9124992785,9099,106.0796451,0.5478551946,390.396,0.7287073379,2.444519708,0
15001,8960,160.639607,71.93470331,0.8941328527,9157,106.8092988,0.5829538061,381.133,0.775112547,2.233130876,0
12788,9634,163.4975718,75.71544166,0.8863069435,9859,110.7537348,0.6042777394,391.867,0.7883863962,2.159368925,0
15650,8521,157.1625867,69.67587339,0.8963553763,8707,104.1598491,0.5669705237,371.55,0.7756501808,2.255624208,0
7467,7629,139.8712309,70.67835265,0.8629378033,8062,98.55731574,0.5941588785,356.755,0.7532468806,1.978982611,0
9241,6990,170.4180929,52.97151256,0.9504646469,7160,94.33951673,0.6783773292,372.446,0.6332284386,3.217164939,1
14990,8878,159.770551,71.55318667,0.8941088768,9160,106.3194276,0.5593497984,385.676,0.7500319712,2.23289218,0
4903,5798,148.6355529,50.89795083,0.9395416803,6011,85.91997952,0.6494175627,337.332,0.640284506,2.920265954,1
12780,8402,153.4110555,71.04912497,0.8862908277,8689,103.4299698,0.6123906706,373.135,0.7583340659,2.159225121,0
2663,4814,131.1481121,47.15120501,0.9331349246,4918,78.29032615,0.5828087167,292.492,0.7071116064,2.781437125,1
12336,8811,156.2113307,72.89395203,0.8844490475,9100,105.917485,0.6830232558,378.848,0.7714451757,2.142994397,0
5382,6627,159.7866616,54.14531842,0.9408367854,6805,91.85727224,0.4755309989,356.135,0.6565949232,2.951070679,1
5059,5264,141.0922847,48.15226391,0.9399609372,5398,81.86777732,0.5054734012,314.095,0.6705075904,2.93012775,1
9416,6321,162.8697076,50.29272411,0.9511298683,6492,89.71146617,0.7361984626,359.271,0.6153912668,3.238434793,1
16776,9936,171.743969,74.43574775,0.9011963116,10207,112.4762558,0.7437125749,405.908,0.7578202833,2.307278079,0
12827,8515,154.1561699,71.34698575,0.8864508348,8676,104.1231709,0.5811493311,370.584,0.7791502009,2.160654277,0
8132,5828,154.4799366,49.50278654,0.9472661084,6041,86.14197622,0.8051948052,345.684,0.6128735091,3.120631128,1
252,4176,109.3482943,49.8376875,0.8900975107,4277,72.91809336,0.5962307253,260.346,0.7742273965,2.194088445,1
11810,8175,149.4736578,70.45923032,0.8819290034,8421,102.0231997,0.671182266,361.118,0.787769845,2.121420531,0
11072,5119,153.810223,43.03566868,0.9600591288,5292,80.73235553,0.5006846635,334.247,0.5757844841,3.574017269,1
2175,5512,139.237614,50.73453935,0.9312527742,5681,83.77407935,0.514659197,322.44,0.6662254947,2.744434378,1
11178,9377,158.6736615,75.79637677,0.8785299886,9573,109.2664963,0.7283672518,381.958,0.8076860068,2.093420138,0
13204,8596,155.5889283,71.55847837,0.8879602944,8910,104.6172411,0.5877204977,374.723,0.769281999,2.17429062,0
7370,8443,146.790166,74.35972089,0.8621979307,8615,103.682021,0.5822758621,364.083,0.8003977354,1.974054827,0
14787,7526,146.5311259,65.82310508,0.8934266877,7633,97.88973804,0.6150702844,345.911,0.7903970894,2.226135119,0
8352,6098,158.8134947,50.61691273,0.947849176,6411,88.11478164,0.5397893246,350.308,0.6244492857,3.137557906,1
1348,5610,140.5040059,52.75044276,0.9268477996,5800,84.51552429,0.7615040043,321.593,0.6816470369,2.663560692,1
8219,6040,156.7874117,50.13480918,0.9474975672,6207,87.69473673,0.5668168168,344.56,0.6393182252,3.127316415,1
5175,5579,145.681814,49.57173346,0.9403263293,5715,84.28169089,0.4813632442,325.054,0.6635217998,2.938808144,1
4910,6053,152.0220136,52.04270013,0.9395773776,6291,87.78905948,0.7472839506,341.144,0.6535894949,2.921101581,1
18104,7417,156.4531846,61.37952614,0.9198293085,7578,97.17827794,0.8270517395,360.421,0.7174934957,2.548947417,0
6703,6328,158.0199011,52.19028596,0.943884169,6517,89.76112655,0.6162835995,351.035,0.6453205488,3.027764615,1
15345,8944,160.9317338,71.67905477,0.8953315056,9241,106.7138908,0.6599763872,387.127,0.7499541807,2.245170982,0
7797,7691,140.4593222,70.61253818,0.8644458783,7876,98.95698732,0.6354622821,343.519,0.8190136684,1.98915555,0
9844,5203,148.9356497,45.21436856,0.9528049173,5362,81.39204722,0.439739689,327.727,0.6087503795,3.293989376,1
15346,9074,161.8690747,72.09115576,0.8953480728,9268,107.48663,0.6887286528,384.638,0.7707335485,2.245338876,0
12287,9349,160.8205734,75.09856034,0.8842725768,9636,109.1032378,0.6390293917,389.386,0.7748441494,2.141460138,0
11011,4822,148.9197325,41.93782621,0.9595278862,5004,78.35535135,0.431460272,321.779,0.5852233889,3.550964511,1
15964,8360,156.7002766,69.0906975,0.8975513873,8672,103.1711326,0.5788271135,375.327,0.7457556056,2.268037266,0
14903,7567,147.0875056,65.95497155,0.8938298188,7734,98.1560168,0.6251652346,349.375,0.7790224035,2.230120067,0
5803,6258,156.022803,52.44360368,0.9418163796,6464,89.26327952,0.6418461538,351.887,0.635095415,2.975058769,1
8478,7815,142.9770228,70.96880668,0.868113858,7955,99.75152652,0.5911050601,349.394,0.8044664948,2.014646004,0
14261,8860,159.0821011,72.04535947,0.8915706586,9167,106.2115924,0.7848347949,380.303,0.7698109481,2.20808255,0
6557,4600,134.2891999,44.47985295,0.9435520282,4741,76.53039857,0.6483439042,304.764,0.6223581278,3.019101706,1
16537,7645,150.7451777,65.69079917,0.9000562171,7861,98.66061179,0.5678104575,357.053,0.7535671895,2.294768516,0
14870,8353,154.9433027,69.50545056,0.8937394961,8597,103.1279299,0.7183522532,369.511,0.7687720802,2.229225211,0
1087,6359,147.6770735,56.16713202,0.9248477551,6597,89.98072163,0.5102302816,345.316,0.6701396058,2.629243619,1
11724,9254,159.3762837,75.2708169,0.8814466125,9561,108.5474954,0.7413875981,385.737,0.7815499905,2.117371516,0
2797,5619,142.7049938,51.14329011,0.9335739864,5738,84.58329032,0.5091518666,320.902,0.6856840519,2.790297485,1
5117,5956,150.9704985,51.44013859,0.9401612866,6093,87.08280386,0.7994630872,336.959,0.6591897289,2.934877367,1
14015,8991,160.1836907,72.80137859,0.8907534546,9426,106.9939099,0.5672197338,387.844,0.7511102822,2.200283755,0
13539,7974,150.1185065,68.69151035,0.8891674822,8187,100.7611638,0.5683535282,358.079,0.7814989365,2.185401162,0
6068,6747,161.5983865,54.01566415,0.9424813694,6891,92.68520491,0.4650537634,359.379,0.6564704509,2.991694892,1
6760,6282,158.2645937,52.19921922,0.9440429748,6548,89.43428213,0.524024024,355.842,0.6234381623,3.031934119,1
4752,5983,149.7889294,51.45023625,0.9391581974,6134,87.27996446,0.4855542931,338.841,0.65484265,2.911336085,1
12257,9223,159.4083627,74.47688411,0.8841473616,9447,108.3655311,0.7486201299,389.657,0.7633383953,2.140373683,0
16939,7913,153.6387369,66.32835631,0.9020094147,8061,100.3750194,0.6574989614,361.208,0.7621427257,2.316335659,0
13790,9015,159.9597222,72.91068781,0.8900788708,9354,107.136616,0.7681492843,387.11,0.755973922,2.193913224,0
5130,6160,153.0406312,52.13073702,0.9401962279,6321,88.5615921,0.5305770887,341.518,0.6636871043,2.935708181,1
248,4432,112.3670498,51.29491408,0.8897263533,4550,75.11988859,0.6011937059,270.823,0.7593439315,2.190608013,1
16646,9173,164.8425721,71.63830104,0.9006302605,9365,108.0713947,0.7913216011,386.183,0.7729207268,2.301039663,0
15744,9304,164.5424646,72.81698919,0.8967476651,9590,108.8403451,0.5875221015,398.213,0.7373075788,2.259671355,0
16655,8365,158.1828739,68.733926,0.9006612579,8592,103.2019806,0.557369403,376.116,0.7430742159,2.301379874,0
1027,7455,158.6103901,60.58434207,0.9241749021,7687,97.42689981,0.6369617225,379.915,0.6490596779,2.618009616,1
16498,7338,146.9244385,64.08482666,0.8998616643,7499,96.6593595,0.6658802178,350.921,0.7488052056,2.292655627,0
4689,5350,141.6581831,48.73234391,0.9389646594,5445,82.53382073,0.7854940537,315.812,0.6740721591,2.906861681,1
1021,5476,137.118837,52.39157671,0.9241255986,5658,83.50005837,0.7456427015,316.49,0.6869945927,2.617192411,1
1600,6297,147.7156799,54.86181214,0.9284723964,6431,89.54099292,0.5065969429,338.577,0.6902853433,2.69250457,1
7307,6345,158.7730265,51.81557119,0.945249016,6498,89.88161609,0.4657222548,355.747,0.6300267621,3.064195239,1
4116,6713,120.9223482,72.71525455,0.7989944288,7013,92.45137675,0.6709645177,322.57,0.810734329,1.662957091,0
461,5495,131.4621525,53.85539635,0.9122361957,5573,83.64479242,0.5399960692,302.958,0.7523375017,2.441020983,1
8408,6764,166.0277993,52.83748236,0.9480085721,6983,92.80189804,0.4797163121,366.183,0.6338946789,3.142235245,1
16633,8706,160.2674503,69.67356698,0.9005593394,8863,105.2844883,0.5617499032,381.972,0.7498345882,2.300261882,0
1167,4946,130.6509858,49.47630455,0.9255233138,5112,79.35642878,0.5252203462,301.74,0.6826501721,2.640677937,1
9445,8575,150.5248622,73.79511035,0.8715807508,8811,104.4893731,0.5892660803,367.82,0.7964771348,2.039767425,0
7182,5693,150.3834199,49.22129869,0.9449186231,5844,85.13843273,0.7593704148,333.832,0.641941007,3.055250956,1
10466,6267,165.9585672,48.87109344,0.9556583581,6474,89.32744386,0.6197587025,360.852,0.6047993634,3.395843136,1
2055,6499,152.4150405,55.72783178,0.9307594562,6716,90.96583865,0.5902279539,349.249,0.669554693,2.734989602,1
5212,5030,138.8118966,47.20510281,0.9404018414,5167,80.02746347,0.4713268366,310.583,0.6552733234,2.940612102,1
1324,7308,158.6327839,59.61635767,0.9266952777,7501,96.46157055,0.511048951,369.607,0.6722456911,2.660893588,1
13530,8640,156.276198,71.51767179,0.8891394457,8785,104.8846493,0.5824064712,373.462,0.7784500828,2.185141016,0
8523,5825,154.8060554,49.1190223,0.9483272429,5970,86.1198023,0.5150309461,341.021,0.6294243594,3.151651808,1
8289,6410,160.8022843,51.33074689,0.9476818075,6542,90.34082954,0.5188602882,351.74,0.6510650388,3.132669873,1
2910,6054,148.0164296,52.88842137,0.9339841137,6207,87.79631088,0.5730783794,334.628,0.6794034145,2.79865471,1
10719,9128,156.5354203,75.31287576,0.8766528035,9400,107.8059858,0.7135709819,388.55,0.7597866682,2.078468239,0
14642,8101,152.1285103,68.49537708,0.8929041419,8254,101.5603936,0.7396822498,363.846,0.7689768872,2.221004056,0
3288,5919,146.7153226,51.95801612,0.9351917691,6061,86.81189357,0.7959924691,327.969,0.6915006819,2.82372834,1
15638,8644,158.7890431,70.40880004,0.896318432,8768,104.9089254,0.5621748179,374.148,0.775957198,2.255244273,0
7709,6845,166.2170566,53.75005722,0.9462716848,7162,93.35590331,0.7682379349,370.61,0.6262518899,3.092407063,1
7304,6074,154.5517518,50.43959356,0.945245363,6190,87.94121329,0.4947865754,339.147,0.6636035369,3.064095899,1
9184,9143,154.4737958,75.96247315,0.8707364922,9328,107.8945279,0.6234997272,380.43,0.7938694129,2.033554061,0
9275,4945,143.297298,44.49547679,0.9505695824,5061,79.34840609,0.5467713401,313.076,0.6339815321,3.220491347,1
5737,5915,149.9183296,50.45883838,0.9416564795,6111,86.78255532,0.6752283105,336.934,0.654749141,2.971101483,1
7768,5526,149.4759789,48.28765292,0.9463831819,5685,83.88040131,0.5986998917,334.528,0.620520018,3.095532083,1
2010,6679,153.4451799,56.18442138,0.9305546412,6975,92.2169557,0.5017277644,375.965,0.5937812424,2.731098338,1
2426,4649,128.9677826,46.68081318,0.9321947273,4761,76.9369264,0.5022687986,288.891,0.7000053928,2.762757841,1
4885,5465,144.203209,49.39254464,0.9395103818,5593,83.41615019,0.4818374184,321.294,0.6652651899,2.919533912,1
5613,6012,152.2745094,51.35923305,0.9414041737,6184,87.49123466,0.5602982293,347.993,0.6238609753,2.96489064,1
2815,5841,145.8084,52.22679855,0.9336495371,5976,86.23799731,0.81125,326.861,0.6870223413,2.791831092,1
6673,6505,160.0029328,52.86772792,0.9438349674,6612,91.00781966,0.4905731523,350.932,0.6637602214,3.026476437,1
9103,4721,140.6905489,43.9304815,0.9500002998,4877,77.53040623,0.4944490993,306.361,0.6320870716,3.202572431,1
11877,8619,153.6882097,72.34799244,0.88226919,8796,104.7571078,0.7871232877,367.997,0.7997940857,2.124291284,0
2679,6962,159.2041113,57.2122789,0.9331973413,7205,94.15037817,0.5271846131,362.615,0.6653533571,2.78269131,1
4343,5855,148.7202037,51.51445869,0.9380924159,6019,86.34128523,0.5601798699,332.262,0.6664620331,2.886960427,1
5024,5975,150.5117435,51.40203399,0.9398762858,6127,87.22159297,0.4769316731,332.541,0.6789806173,2.928128166,1
11374,7124,138.9577574,66.15294175,0.8794100292,7248,95.23947982,0.6474009451,333.43,0.8052383124,2.100552957,0
15260,8426,156.2302563,69.69835632,0.8949702361,8643,103.5775864,0.6205626749,372.176,0.7644244878,2.241519952,0
3781,6432,154.1446692,54.01534956,0.9365927285,6622,90.49572781,0.8084464555,345.965,0.6752919454,2.853719737,1
6927,7431,170.9812235,56.22561496,0.9443853449,7589,97.2699494,0.6886932345,380.948,0.6434661858,3.040984498,1
2520,5439,139.9627846,50.51880334,0.932587281,5549,83.21748545,0.4989908257,315.628,0.6860849237,2.770508708,1
5533,5701,147.777995,49.93138939,0.9411888078,5831,85.19823146,0.7469863732,332.337,0.6486396829,2.959621129,1
4902,4353,128.0861995,43.8645075,0.9395321032,4462,74.44737563,0.5252171815,288.83,0.6557132064,2.920041892,1
17502,9313,168.011717,71.11226314,0.9060093089,9451,108.8929744,0.6131007242,391.048,0.76531342,2.362626495,0
18110,6481,148.9795062,58.31285821,0.9202141394,6854,90.83977922,0.5018195896,342.498,0.6942818402,2.554831143,0
10738,7757,144.6177135,69.56490698,0.8767062277,7915,99.38067794,0.7813255439,350.391,0.7939584412,2.078888908,0
16667,8889,162.3815195,70.54023673,0.9007150045,9151,106.385273,0.5848795894,383.258,0.760466894,2.301970152,0
16750,9395,166.9879322,72.40765705,0.9011005856,9586,109.3713195,0.7160823171,393.023,0.764312066,2.306219246,0
2215,5588,141.1087502,51.36358637,0.9313989442,5722,84.34964479,0.7502685285,318.251,0.6933087919,2.747252678,1
14534,8975,160.2206035,72.27232753,0.8924834641,9234,106.8986666,0.7427176432,383.984,0.7649236074,2.216901114,0
6700,6992,165.7430478,54.74198617,0.943882216,7195,94.35301212,0.4870776733,376.264,0.6206202579,3.02771345,1
12787,7583,144.9919374,67.14592387,0.8863054682,7701,98.25973472,0.5834872268,345.169,0.7998109605,2.159355759,0
5295,7108,165.2779853,56.10373556,0.9406238305,7302,95.13246914,0.4666491597,371.758,0.6463036924,2.945935483,1
14834,8911,159.6411302,71.64503705,0.8936382127,9053,106.5168418,0.7418414918,377.145,0.7872625613,2.228223152,0
17500,9404,169.0008467,71.53429684,0.905999974,9572,109.4236934,0.5438352996,395.337,0.7561144882,2.362514964,0
5002,6164,152.3928266,52.06327056,0.9398314068,6303,88.5903412,0.5021179537,341.629,0.6636865777,2.927069794,1
12548,8305,151.6722595,70.51868711,0.885341545,8508,102.8311938,0.6221905904,362.797,0.7929067709,2.150809463,0
6067,6948,164.3470214,54.93536855,0.9424793207,7108,94.05566627,0.7895454545,363.142,0.6620895168,2.991643194,1
17200,8868,163.5686803,70.04316331,0.9036751449,9073,106.2595327,0.7489864865,386.134,0.7474109575,2.33525547,0
13301,8898,158.2427253,72.66604925,0.8883296773,9164,106.4391163,0.6349364921,381.331,0.7689498929,2.177670686,0
11307,5406,160.5944492,43.29209,0.9629796737,5545,82.96464897,0.7978158205,341.796,0.5815029919,3.709556393,1
5479,6311,155.9461781,52.75283621,0.9410469727,6503,89.64047505,0.4833792892,347.367,0.6572505048,2.956166707,1
2702,5603,102.5307289,73.76704047,0.6945310266,5750,84.46277979,0.6288439955,291.651,0.827758305,1.389926019,0
12644,7632,145.5873746,67.57854227,0.8857416308,7800,98.576692,0.7464788732,349.63,0.78456846,2.154343223,0
4353,6259,152.6585952,52.8667428,0.938121234,6412,89.27041117,0.509358724,345.572,0.6586242584,2.887611136,1
13549,7978,149.9045943,68.57629147,0.8892269885,8142,100.7864331,0.8100314753,356.13,0.7904725198,2.185953645,0
12645,9255,160.5343271,74.51422931,0.8857493618,9514,108.5533601,0.5944886948,386.305,0.7793375977,2.154411695,0
7982,6233,159.3288305,51.23559069,0.9468853429,6429,89.08480276,0.6492708333,350.894,0.6361435183,3.109729553,1
564,7430,154.8081999,62.0246503,0.9162290769,7628,97.26340431,0.7936338389,358.313,0.7272329492,2.495914111,1
3785,5403,141.5658991,49.60331378,0.9366037891,5548,82.94162562,0.6653940887,319.162,0.6665342579,2.853960518,1
3112,5671,144.4778293,51.37521274,0.9346411457,5882,84.97376924,0.5233480989,335.596,0.6327555451,2.812208876,1
17406,8824,164.0161015,69.68131995,0.905266396,9104,105.995593,0.7894077653,385.993,0.7442459943,2.353803023,0
8196,6626,164.2852259,52.55259648,0.9474559313,6811,91.85034144,0.4630328442,362.238,0.6345608597,3.126110544,1
4294,5880,148.4109892,51.45384167,0.9379766895,6006,86.52542125,0.6666666667,330.947,0.6746372125,2.884351963,1
17870,8461,163.2957935,67.28081901,0.9111756709,8702,103.7924843,0.605048627,380.892,0.73287154,2.427077968,0
12027,7217,140.9656297,66.17609217,0.8829598975,7366,95.8591143,0.5888063963,339.256,0.7879732872,2.130159474,0
3551,6271,151.5959498,53.41733056,0.9358620982,6420,89.35594656,0.6691207853,338.82,0.6864494929,2.837954428,1
11931,8912,156.2866627,73.48630982,0.882558796,9154,106.5228183,0.7419247419,376.69,0.7892541236,2.126745282,0
15850,7929,153.0445365,67.61004562,0.8971297582,8170,100.4764467,0.5732359746,364.305,0.7507546281,2.263636049,0
796,6018,141.4121039,54.98634613,0.921306303,6172,87.53488208,0.6655607167,322.975,0.7249770081,2.571767608,1
11239,8600,152.22941,72.65519979,0.8787543174,8874,104.6415791,0.5899705015,379.811,0.7491576837,2.095230767,0
9069,5395,149.9402502,46.86982604,0.94988814,5517,82.88019874,0.4391534392,328.862,0.6268648605,3.199078445,1
12436,7332,142.1929993,66.23292085,0.8848921676,7448,96.6198341,0.6264524949,341.155,0.791642021,2.146862881,0
3126,6429,153.251729,54.48320401,0.9346707851,6566,90.47462093,0.8242307692,342.533,0.6885705646,2.812825195,1
16376,8868,161.7238997,70.74085087,0.8992585841,9082,106.2595327,0.585694472,381.159,0.767049146,2.286145808,0
7121,6288,157.228442,51.51288564,0.9448058194,6454,89.47698172,0.5703401361,352.657,0.6353563571,3.052215772,1
17227,7371,148.5967605,63.57068359,0.9038702688,7509,96.87646094,0.6963627775,349.15,0.7598225571,2.337504524,0
13279,8561,155.1473514,71.26274896,0.8882693113,8779,104.4040408,0.6129009164,371.861,0.777988353,2.177117129,0
9934,6605,168.2308653,50.87349295,0.9531802122,6859,91.70467378,0.5163383365,377.708,0.5817954481,3.306847153,1
4955,6202,153.8005262,52.60364867,0.939690797,6421,88.86299374,0.6212561354,346.917,0.6475755777,2.923761565,1
5872,5018,139.1167373,46.69240243,0.941992228,5131,79.93194628,0.7904851922,306.972,0.669180063,2.979429844,1
7591,5665,151.0687121,48.982566,0.9459747468,5826,84.9288056,0.4577407886,339.903,0.6161689121,3.084132262,1
17684,8663,163.4214536,68.46531027,0.9080096089,8891,105.02416,0.5458039315,382.03,0.7459045245,2.386923436,0
9141,9942,161.2471869,79.32458194,0.8706268583,10210,112.5102109,0.6545095458,392.255,0.8119824573,2.032751802,0
15398,9399,165.071744,73.45360542,0.8955405649,9636,109.3945999,0.5569777778,391.483,0.7706651106,2.247292602,0
17654,8430,160.2377557,67.24797479,0.9076738812,8566,103.6021687,0.6503124277,371.439,0.7678253312,2.382789313,0
4101,5395,141.7947021,49.37074546,0.9374259525,5526,82.88019874,0.7835875091,315.216,0.6823148222,2.872038912,1
10002,8577,151.0109323,73.48602214,0.873609753,8753,104.5015578,0.7994966443,367.146,0.7995905856,2.054961309,0
3442,6230,151.6485438,53.54889645,0.9355811177,6376,89.06336151,0.8198447164,338.836,0.6818970605,2.83196394,1
291,5555,129.0807906,56.88186745,0.8976698026,5787,84.10021207,0.5260416667,321.58,0.6750187953,2.269278355,1
11518,9231,157.9866956,75.02457418,0.8800510634,9424,108.4125188,0.624137931,381.605,0.7965820247,2.105799297,0
7823,6993,135.0076086,67.81367983,0.8646961818,7261,94.35975909,0.7043714746,334.008,0.7876978396,1.990860972,0
9646,6713,168.642992,51.6251308,0.9519926703,6859,92.45137675,0.5956521739,368.204,0.6222279378,3.266684063,1
11428,5972,172.1571704,45.07472074,0.9651158865,6207,87.19969358,0.7238787879,363.869,0.5668126689,3.819372979,1
2087,7069,158.5282548,57.90984403,0.9308911541,7236,94.87112491,0.4964882708,363.414,0.6726118865,2.73750098,1
9381,5758,154.5462323,47.79327582,0.950981085,5893,85.62308858,0.5715703792,339.044,0.6294618275,3.233639664,1
7917,6641,162.7776117,52.41685785,0.946734514,6766,91.9542485,0.4535892357,358.717,0.6485439712,3.105443904,1
15911,8618,158.4431767,69.92983323,0.8973321327,8815,104.7510305,0.6088308018,374.723,0.7712508454,2.265745096,0
8711,6537,164.7283061,51.99115135,0.9488864713,6786,91.2313921,0.5782908705,364.458,0.6184340224,3.168391193,1
4581,6565,157.6307948,54.32160869,0.9387448719,6714,91.4265695,0.5060900401,353.659,0.6595916745,2.901806456,1
16869,8694,161.3155002,69.74024964,0.9017192661,8913,105.2119033,0.7990808824,379.352,0.7591799743,2.313090374,0
1982,6263,148.32473,54.34643848,0.9304567525,6416,89.29893207,0.6843312937,336.745,0.6940487297,2.729244714,1
327,4491,123.0370935,52.89732251,0.9028622823,5426,75.6182438,0.5359828142,434.235,0.2992976235,2.325960705,1
5475,6489,157.6213544,53.32128957,0.9410429096,6684,90.89582722,0.6863035431,353.252,0.6534590536,2.956067937,1
7183,6241,156.8050283,51.3223681,0.9449202963,6395,89.1419542,0.4688251202,347.61,0.6490520459,3.055296046,1
15298,9235,162.9643629,72.64392885,0.8951496581,9411,108.4360051,0.7751384925,384.397,0.7853925631,2.243330799,0
11069,6183,169.2177166,47.3639143,0.9600293756,6365,88.7267722,0.4441810345,361.541,0.5944208038,3.572713934,1
11244,7508,143.1690337,68.31997453,0.8787958137,7895,97.77260609,0.6809977324,363.393,0.7144650902,2.095566263,0
14072,8553,155.7730175,70.74146562,0.8909345637,8711,104.3552482,0.5945776851,371.333,0.7794733,2.202004384,0
18174,7229,160.4829282,57.91762842,0.932606112,7439,95.93877563,0.6299233182,362.126,0.6927374614,2.770882244,0
4075,6674,157.8580254,54.99526136,0.937351782,6902,92.18243174,0.4898348624,357.235,0.6571856351,2.870393221,1
13664,8296,152.7277763,69.75403704,0.8896098039,8506,102.7754604,0.6375163298,364.98,0.7826011355,2.189518811,0
8207,8247,146.0704125,72.81090976,0.866910133,8475,102.4714913,0.7954282407,360.596,0.7970105108,2.006161068,0
4908,6996,163.179491,55.86937686,0.9395616042,7173,94.37999711,0.4629127241,368.444,0.6476146845,2.920732253,1
1304,4938,130.6797038,49.14711029,0.9265838199,5101,79.29222454,0.7596923077,298.61,0.6959086819,2.658949895,1
11477,9025,156.4868563,74.36941297,0.8798541367,9271,107.1960209,0.6824712644,378.634,0.7910753565,2.104183024,0
14121,9879,167.7829045,76.14421841,0.8910904008,10224,112.1531696,0.6652525253,403.709,0.7617035624,2.203488433,0
3283,6273,151.6301317,53.70632127,0.9351723719,6425,89.3701945,0.6313405797,338.365,0.6885163912,2.823320013,1
10463,6173,164.2587876,48.37754929,0.9556452198,6303,88.65499258,0.4674390429,355.579,0.613527357,3.395351563,1
17283,8492,159.8987755,68.24920289,0.9043330366,8651,103.9824515,0.7025730123,375.541,0.7566675905,2.342866565,0
7895,7063,168.7791916,54.36693947,0.9466992772,7202,94.83085418,0.4652832675,372.372,0.6400958855,3.104445336,1
14631,8580,156.5069157,70.48190623,0.8928552716,8730,104.5198321,0.6838833094,373.374,0.7734086178,2.220526147,0
15808,7761,150.5936126,66.57730803,0.8969661878,7966,99.40629812,0.6728801803,358.471,0.7589610575,2.261936041,0
7005,6198,156.5509145,51.39345828,0.9445784066,6351,88.83433288,0.4664709867,346.037,0.6504536567,3.04612532,1
8545,6413,162.4657329,51.52371768,0.9483801011,6637,90.36196767,0.7076023392,357.858,0.6292882795,3.153222249,1
16681,8498,159.4130861,69.23039495,0.90077648,8763,104.0191792,0.5521767381,378.348,0.7460083794,2.302645915,0
11942,9433,160.9517762,75.6580641,0.882630916,9705,109.5922836,0.5915590117,388.572,0.7850850242,2.127357845,0
12615,8097,150.4014226,69.84689552,0.8856239086,8382,101.535317,0.5767094017,364.645,0.765232625,2.153301467,0
1397,6270,147.563277,55.23477888,0.9273026224,6444,89.34882174,0.5146515637,340.421,0.679899495,2.671564546,1
5733,5868,150.5321838,50.66919903,0.9416475694,6037,86.43708491,0.4915396214,337.392,0.6477842847,2.970881456,1
4528,6003,149.8715777,51.69940345,0.9386181124,6126,87.42572269,0.83375,330.483,0.6906848957,2.898903425,1
5432,6462,156.9630316,53.12942102,0.9409722704,6636,90.70652644,0.7039215686,351.622,0.6567872873,2.954352382,1
3987,6115,150.9048921,52.65930011,0.9371387821,6341,88.23751932,0.6028788327,344.164,0.6487471219,2.865683588,1
4124,7024,162.0149406,56.38835842,0.9374781295,7246,94.56867643,0.6882900539,367.344,0.654106501,2.87319839,1
11913,9086,157.9010061,74.27262792,0.8824668288,9289,107.5576799,0.6870840895,381.073,0.7862601023,2.125964983,0
8633,6553,163.5290529,51.72711913,0.9486533455,6683,91.34297311,0.4554489853,359.304,0.6378608215,3.161379479,1
4098,6248,152.5733855,53.1270977,0.9374177248,6400,89.19193167,0.6332218506,342.384,0.6697673338,2.871856211,1
12923,8582,154.7616294,71.49413234,0.8868992456,8748,104.5320131,0.8024310425,369.916,0.7881196243,2.164675958,0
13503,9112,160.3264395,73.41541673,0.8889974735,9371,107.7114605,0.5843273054,389.042,0.7565377382,2.183825232,0
7535,5422,148.0812448,48.0642146,0.9458582375,5561,83.08733244,0.4582488168,326.505,0.6391307378,3.080904287,1
7268,5528,148.0367481,48.36710466,0.9451199212,5676,83.89557916,0.7624827586,326.1,0.6532453106,3.060690714,1
17106,8076,155.4686036,66.756774,0.9031188286,8290,101.4035629,0.7945690673,365.194,0.7609548809,2.328881315,0
5865,6658,160.2898917,53.80659217,0.9419750111,6789,92.07186806,0.4686092342,354.945,0.6640970167,2.979000996,1
17892,6850,146.3123661,60.14121448,0.9116142905,6989,93.38999348,0.6702544031,340.177,0.7438588629,2.432813626,0
14906,7407,146.0305383,65.47659004,0.8938450392,7537,97.11274534,0.649850851,345.264,0.7808176348,2.230270975,0
4352,6590,156.9754775,54.36314605,0.9381178555,6770,91.60048362,0.527368758,352.054,0.668154215,2.887534826,1
16875,7650,151.1998518,65.35794605,0.9017480734,7914,98.69286964,0.7342355312,359.049,0.7456995074,2.313411925,0
4059,5223,139.2698173,48.53559278,0.9373086164,5326,81.5483301,0.5158518519,310.589,0.680389729,2.869436826,1
10927,8773,153.155051,73.48952461,0.8773574242,8973,105.6888382,0.6112736901,368.463,0.8120265438,2.084039213,0
8966,8627,150.3628639,74.09380474,0.8701614957,8953,104.8057134,0.7668444444,375.143,0.7703285035,2.029358115,0
5861,6561,160.0542414,53.73725677,0.9419532596,6801,91.39871253,0.50625,355.826,0.6511852348,2.978459472,1
961,6321,145.6359305,55.89776767,0.9234085454,6510,89.71146617,0.5422958133,342.378,0.6776164695,2.605397971,1
12834,9230,159.63907,73.87308322,0.8864884867,9409,108.4066465,0.6310679612,380.827,0.7997534126,2.160991028,0
7487,5360,145.6260962,47.31788245,0.9457390245,5484,82.61091913,0.6321500177,321.37,0.6521747617,3.077612283,1
1445,5845,142.4469822,53.20757937,0.9276199143,5938,86.26752077,0.5073784722,325.09,0.695003767,2.677193434,1
2590,6131,148.4242881,53.46025948,0.9328807468,6332,88.35288138,0.4953943116,342.878,0.6553328511,2.776348067,1
13290,9892,166.5752333,76.50061207,0.888304157,10138,112.2269378,0.5785810376,399.704,0.7780669763,2.177436608,0
1573,6978,156.0042926,58.0056541,0.9283044919,7180,94.25850382,0.6508721201,357.395,0.6865052841,2.689467001,1
1035,5764,139.9147018,53.41225346,0.9242661637,5884,85.66768782,0.5337037037,319.133,0.7111978033,2.619524412,1
3602,6534,154.7070716,54.4409176,0.9360388179,6723,91.21045546,0.71037182,345.543,0.6876774687,2.841742542,1
12079,6984,138.726087,65.05630341,0.8832220173,7119,94.29901898,0.7608671969,331.27,0.7997419537,2.132400394,0
16342,7687,150.6734073,65.95849075,0.8990928348,7947,98.93125078,0.5990959395,358.298,0.7524505728,2.284367116,0
12718,9146,159.8318943,74.10999952,0.886005535,9459,107.9122276,0.7374022414,387.308,0.7661752626,2.156684594,0
9999,7643,142.4860978,69.33824874,0.8736072405,7778,98.6477057,0.6244281046,345.646,0.803915964,2.054942263,0
16954,9070,164.033566,70.78604613,0.9020967157,9265,107.4629363,0.6790955376,389.352,0.7518519515,2.317314994,0
5143,6291,155.3478543,52.89906216,0.9402372478,6471,89.49832387,0.4876366173,347.904,0.6531466522,2.936684469,1
7758,6972,166.8169685,53.89285193,0.946376516,7137,94.21797125,0.7217391304,368.303,0.645887277,3.095344977,1
1163,6218,145.6828666,55.17841106,0.9254961405,6417,88.97754486,0.5686328304,335.687,0.693412292,2.640214965,1
7016,5361,145.3307103,47.69805243,0.9446070302,5501,82.61862501,0.4815846209,320.431,0.6561250532,3.046889818,1
6886,6549,160.971926,52.96485177,0.9443189082,6733,91.31509064,0.4755991285,359.742,0.6359201184,3.039221684,1
1164,6254,146.449673,55.46876815,0.9254963535,6384,89.23474723,0.8352029915,333.924,0.7048106743,2.640218592,1
4490,6244,153.053193,52.84177376,0.9385103733,6398,89.16337655,0.4966197407,339.188,0.6820116609,2.896443138,1
1322,5520,138.4038395,52.01485756,0.9266928974,5683,83.83485127,0.7379679144,316.532,0.6923308724,2.660852033,1
16989,8618,160.6639353,69.26142225,0.9023065358,8885,104.7510305,0.7370851865,381.933,0.7424068758,2.319674215,0
14470,8903,160.0677975,72.27814419,0.892247302,9251,106.4690174,0.7224115547,386.903,0.7473809828,2.21460857,0
5917,6529,158.8731704,53.28013509,0.9420890938,6732,91.17555038,0.5279372524,360.052,0.6328868576,2.981846238,1
652,5796,139.0011868,54.88279724,0.9187512312,5965,85.90515934,0.7755921317,323.984,0.6938907766,2.532691367,1
17706,6646,143.1998888,59.90357225,0.9082990916,6941,91.9888581,0.5626957921,340.774,0.7191794957,2.390506667,0
15856,7015,142.7386408,63.05361325,0.8971422682,7119,94.50807059,0.5661824052,335.045,0.7852921516,2.263766237,0
12114,9084,157.7328515,73.90822954,0.883428567,9253,107.5458415,0.7611865259,378.617,0.7963184344,2.134171695,0
5156,5365,142.8166662,48.62098272,0.9402650333,5501,82.64944136,0.4989769345,318.918,0.6628595636,2.937346351,1
15867,6844,141.3955646,62.45201165,0.8971711999,7043,93.34908379,0.6258802012,336.928,0.7576099275,2.264067415,0
14994,9885,168.127052,75.2926133,0.8941179022,10069,112.1872225,0.6086447879,397.742,0.7852060393,2.232982024,0
13741,9249,161.8842581,73.86014615,0.889850202,9497,108.5181669,0.7606085526,386.804,0.7768241712,2.191767368,0
1351,6666,151.2799284,56.78966748,0.9268650916,6771,92.12716649,0.5471558729,341.065,0.7201133534,2.663863607,1
3951,6485,154.7700301,54.04741176,0.9370440816,6671,90.86780754,0.5483680027,351.227,0.6606083458,2.863597443,1
12698,8059,149.5090407,69.34200874,0.8859409259,8249,101.2967793,0.726297765,358.198,0.7893047321,2.15611061,0
5562,4506,131.3784495,44.36453258,0.941259176,4591,75.7444215,0.4653997108,290.661,0.6702356505,2.961339653,1
201,4515,110.9722142,52.84775827,0.8793233853,4690,75.82002733,0.5940789474,271.783,0.7681093334,2.099847143,1
15959,9183,163.3387481,72.02227924,0.8975375097,9407,108.1302859,0.7854088265,395.239,0.738711508,2.267891962,0
6400,7025,165.5428396,54.99937365,0.9431961132,7193,94.57540802,0.8080285254,366.508,0.657187471,3.009904088,1
6065,5985,152.09282,50.84334381,0.9424697145,6116,87.29455123,0.6739864865,338.018,0.658255298,2.991400813,1
15520,9115,162.8919808,72.35736727,0.8959253723,9380,107.7291903,0.7035350417,388.574,0.7586108694,2.251214865,0
8127,6590,130.7343623,65.27106262,0.8664494674,6865,91.60048362,0.6707379135,325.193,0.783092206,2.002945211,0
2440,6680,155.2360082,56.17232051,0.9322359039,6996,92.22385895,0.5116421569,360.615,0.6455037231,2.763567658,1
16857,8731,161.5394748,69.85337669,0.9016708878,8974,105.4355465,0.5463020899,381.865,0.7524092789,2.312550694,0
9626,6157,160.667417,49.22668567,0.9519064801,6336,88.54002415,0.5584074007,357.388,0.6057578981,3.263827633,1
6513,6193,154.8474092,51.3420527,0.9434322152,6339,88.7984938,0.6906434705,340.59,0.6708835743,3.015995681,1
17980,9110,170.0537601,69.15003231,0.9135901254,9382,107.6996391,0.7127210139,396.488,0.7282292952,2.45920001,0
12281,6376,133.4225944,62.30883722,0.8842553933,6538,90.10091752,0.637345062,322.71,0.7693665948,2.141310934,0
15130,6269,134.189278,59.97410044,0.8945656323,6356,89.34169635,0.8126782473,315.275,0.7925543704,2.237453784,0
8247,6621,163.7142037,52.30544945,0.9475888267,6795,91.81567963,0.4811423588,359.797,0.6427149118,3.129964572,1
9933,6178,162.1521376,49.03738866,0.9531760637,6334,88.69088965,0.5687195066,355.676,0.6136894333,3.306704172,1
14880,9307,163.6095808,73.3845072,0.8937656239,9513,108.857891,0.5822697698,387.7,0.7780866714,2.229483947,0
3979,5476,143.5379955,50.09397538,0.9371247609,5638,83.50005837,0.5059127864,321.224,0.6668948012,2.865374417,1
6495,6370,157.9218329,52.37675773,0.9433980884,6604,90.05851376,0.7852564103,353.656,0.6400107007,3.015112805,1
2879,6005,147.1936512,52.63560325,0.9338770544,6148,87.44028514,0.6820763289,336.885,0.6649048906,2.796465551,1
14035,8423,154.631864,70.25879516,0.8908172955,8635,103.5591458,0.5683535762,368.623,0.77895399,2.200889776,0
2324,6316,150.7442511,54.70691137,0.9318233814,6525,89.67597763,0.6806034483,343.286,0.673503413,2.755488243,1
11586,8283,150.1026527,71.16738033,0.8804576858,8525,102.6949032,0.6463014981,363.177,0.7891523455,2.109149614,0
12631,8497,153.2571479,71.16021181,0.8856680128,8666,104.0130589,0.6494687763,366.469,0.7950619986,2.153691564,0
7703,5259,145.3401094,47.01029437,0.9462451783,5368,81.82888711,0.4673835763,317.538,0.6554229203,3.091665589,1
13188,9009,158.2990604,72.81804474,0.8879173543,9158,107.1009573,0.642765411,375.947,0.8010012684,2.173898805,0
5091,6537,157.3497808,53.65276684,0.9400713835,6691,91.2313921,0.7957395009,354.947,0.6520206182,2.932743083,1
2320,5239,137.3281625,49.84741975,0.9317968076,5358,81.67314109,0.484375,314.313,0.6663978309,2.754970331,1
10352,5721,158.692536,46.99698593,0.9551410698,5924,85.34754499,0.5260689655,346.735,0.5979797087,3.376653479,1
352,4262,113.529303,48.27920161,0.9050723471,4355,73.66509988,0.6502898993,265.142,0.7618443544,2.35151575,1
3888,5934,149.2804935,52.20093427,0.9368678714,6122,86.92182383,0.6868055556,335.429,0.6627598502,2.859728385,1
5008,6604,158.487577,54.14201347,0.9398393402,6780,91.69773145,0.6773333333,352.581,0.6675735456,2.927256798,1
14013,8463,155.0558587,70.47495615,0.8907399307,8734,103.8047507,0.6442110071,371.513,0.770524007,2.200155447,0
10261,4083,134.3117054,39.98967001,0.9546476889,4297,72.10157461,0.7719795803,294.954,0.5897672652,3.358660008,1
3195,4561,128.6163019,45.64329269,0.9349120385,4666,76.20528567,0.7581449468,288.257,0.689779386,2.81785766,1
16300,8976,162.5220536,71.20327181,0.8989191653,9261,106.9046218,0.6087900163,385.242,0.7600207513,2.282508226,0
15020,7803,149.8020571,67.06023295,0.8942043705,8044,99.67491243,0.7816287689,360.819,0.7531694118,2.233843374,0
13326,6904,139.7119894,64.13411897,0.8884129101,7141,93.7573774,0.5625814863,337.898,0.7598701847,2.178434688,0
11357,6891,136.4480465,64.97846597,0.8793294345,7029,93.66906481,0.6082082966,330.555,0.7925098204,2.099896395,0
11041,7529,141.9496351,67.97741279,0.8778781745,7675,97.90924641,0.6807414105,341.898,0.8093829295,2.088188256,0
5726,6842,161.9502854,54.51851347,0.9416343773,7037,93.33544324,0.6003861004,364.02,0.6488472125,2.970555782,1
16509,9243,165.0428163,71.97301367,0.8999045488,9415,108.4829623,0.7553939196,388.64,0.7690026248,2.293120823,0
9252,5692,154.1082031,47.88237886,0.9505059907,5801,85.13095494,0.4382844383,335.636,0.6349473019,3.218474244,1
15992,7549,149.0037535,65.65094377,0.8977038991,7788,98.03920299,0.560763631,356.225,0.7475676492,2.269636122,0
14442,9002,160.1558498,72.33888834,0.8921809811,9180,107.0593405,0.6010950855,380.407,0.7817211689,2.213966146,0
9982,6719,170.0091342,51.28362255,0.9534180481,6938,92.4926835,0.7449002217,370.767,0.6142036023,3.315076544,1
7766,5988,155.0322099,50.08336138,0.9463814448,6196,87.31642683,0.5433756806,347.53,0.6230272682,3.095483321,1
3266,6160,150.1980822,53.21529535,0.9351315246,6308,88.5615921,0.6964386659,336.753,0.6826021148,2.822460746,1
8697,6783,167.3437024,52.83375671,0.9488523965,6964,92.93214639,0.4703883495,367.242,0.6320144288,3.167363307,1
13930,8863,158.6693478,72.19914874,0.8904766381,9223,106.2295726,0.7283859303,390.525,0.7302859263,2.197662307,0
17399,9057,165.6718033,70.40388654,0.9052121374,9406,107.3858955,0.543637455,392.036,0.7405294473,2.35316275,0
11641,7606,143.8796396,68.09248913,0.8809227552,7762,98.40863772,0.7762808736,347.455,0.7917153289,2.113003085,0
2096,5072,134.235796,49.02413771,0.9309255042,5186,80.36087961,0.7039555864,302.622,0.6959661459,2.738157208,1
12095,5917,128.0407763,60.02531807,0.8833051618,6155,86.79722568,0.7787575678,311.281,0.7673724573,2.133112833,0
9959,6199,163.429322,49.37020298,0.9532797211,6399,88.84149896,0.5227694384,360.373,0.5998283802,3.310282561,1
10591,9489,158.8823161,76.60451446,0.8760907397,9726,109.9171053,0.5930625,385.85,0.800927677,2.074059437,0
14679,8333,154.6728948,69.59563825,0.8930518941,8556,103.0043937,0.5730692525,368.732,0.7701753025,2.222450985,0
6815,5440,146.3772137,48.23009336,0.9441584326,5598,83.22513517,0.7094418362,328.309,0.6342247517,3.034976785,1
14702,8065,152.1055882,68.41133996,0.8931483567,8314,101.3344805,0.6336423633,363.508,0.7669839738,2.223397294,0
5866,4849,136.9780614,45.98077553,0.9419761336,4966,78.57441411,0.7757158855,301.364,0.6709332342,2.979028949,1
7286,6699,162.2985543,52.99790502,0.945181393,6949,92.3549225,0.4538002981,378.82,0.5866161865,3.062357922,1
3185,5474,141.9508529,50.38777701,0.9348790756,5667,83.48480861,0.6455949994,322.38,0.6618788066,2.817168395,1
60,3466,91.05330784,49.75342248,0.8375107732,3539,66.43077797,0.8495098039,228.007,0.8378032902,1.830091344,1
14369,8640,156.8287551,70.90495118,0.8919586257,8903,104.8846493,0.5792437651,374.19,0.7754240245,2.211816699,0
11790,7719,145.1161108,68.4423233,0.881792076,7851,99.136956,0.5956018519,352.172,0.782098148,2.120268626,0
10644,8931,154.1988379,74.29254137,0.8762828463,9111,106.6363089,0.620984564,372.459,0.8090083564,2.075562837,0
2814,6520,153.9395236,55.14170676,0.9336434598,6703,91.11268755,0.4907052006,350.311,0.6676516251,2.791707631,1
323,3991,109.8486599,47.31982512,0.9024603669,4119,71.28463385,0.7272230321,261.089,0.7357231847,2.321408831,1
3726,5897,147.1861419,51.64403183,0.9364220655,6021,86.65041024,0.4953797043,330.811,0.6771441137,2.850012608,1
3015,5118,136.7350976,48.7478349,0.934290376,5295,80.72446959,0.6404705293,308.518,0.6756925505,2.80494709,1
13781,9034,160.5996866,73.22004344,0.8900225645,9370,107.2494571,0.6538795599,385.482,0.7639795666,2.193384203,0
13591,8541,155.0433474,70.89500231,0.8893334542,8721,104.2820164,0.6528319193,368.048,0.7923364982,2.186943259,0
16544,9194,164.5097222,71.6739714,0.9001005211,9328,108.1950293,0.5885289976,383.672,0.7848635339,2.29525055,0
9732,10208,164.1398828,80.17501688,0.8725888458,10499,114.0053914,0.6772823779,407.1,0.774013117,2.0472697,0
3652,6497,154.8562682,54.42108952,0.9362142793,6623,90.95184067,0.4959541985,349.147,0.6697397894,2.845519441,1
12912,8804,156.7036352,72.41144985,0.886832147,9069,105.875403,0.5877169559,379.283,0.7690651698,2.164072609,0
2715,6412,152.1992659,54.64317635,0.9333283604,6563,90.35492217,0.7582781457,346.611,0.6706851571,2.785329773,1
10086,5112,147.6460056,44.34548123,0.9538290536,5271,80.67713773,0.7727891156,331.286,0.5853215889,3.329448717,1
5358,6159,153.6482887,52.08572509,0.9407888234,6313,88.55440337,0.6474298329,344.353,0.6526980667,2.949911678,1
7536,5623,150.9335095,48.98907,0.9458603582,5792,84.61339114,0.5142203932,330.601,0.6465016264,3.080962949,1
6707,6745,163.0772635,53.85691454,0.9438921081,6917,92.67146664,0.7617165443,362.737,0.6441812864,3.027972635,1
16166,8211,155.5504141,68.33291698,0.8983416143,8506,102.2475912,0.5939670139,368.884,0.7582741993,2.276361394,0
14935,8460,156.1386486,69.97721309,0.8939465674,8686,103.7863505,0.5557745369,371.742,0.7693021829,2.231278465,0
3483,6286,152.4827692,53.78872331,0.9357165512,6445,89.46275079,0.4782410225,343.583,0.6691460303,2.83484641,1
9567,7370,176.1299586,54.11295834,0.9516342807,7563,96.86988926,0.5175561798,386.565,0.6197724853,3.254857321,1
1625,4392,124.2176003,46.09395077,0.9286032056,4500,74.78013159,0.6019736842,281.161,0.6981713719,2.694878574,1
7794,6434,161.235235,52.05156818,0.9464569732,6622,90.50979633,0.6652191894,358.495,0.6291072858,3.097605714,1
1902,6043,146.5238204,53.81520062,0.9301106081,6284,87.71651252,0.5406154947,345.612,0.63574775,2.72272181,1
11662,8645,153.3932081,72.54624878,0.8810930084,8846,104.9149935,0.5833333333,369.003,0.7978386435,2.114419569,0
18154,5671,140.3608226,52.44320753,0.927577271,5857,84.97376924,0.5479756498,320.322,0.694537943,2.676434742,0
2731,7217,161.3781519,57.91936937,0.9333742289,7395,95.8591143,0.5766219239,365.426,0.6791530902,2.786255335,1
7309,5982,154.3165608,50.36039552,0.9452508242,6123,87.27267016,0.4743854084,340.768,0.6473492691,3.064244416,1
14545,9513,164.7768009,74.3167843,0.8925164448,9772,110.0560211,0.7734146341,393.908,0.7704381124,2.217221889,0
1291,5079,132.3141932,49.7930205,0.9264880826,5239,80.41631456,0.6562015504,303.383,0.6934347375,2.657283931,1
7306,9295,153.6763434,77.93509537,0.8618649362,9557,108.7876903,0.7028886872,382.745,0.7973338576,1.971850328,0
2642,7057,159.1059306,57.22543099,0.9330800561,7268,94.79056634,0.4917427357,364.827,0.6662788654,2.780336083,1
12084,9015,157.0261262,73.63267735,0.8832406896,9219,107.136616,0.6048711755,377.361,0.7955391681,2.132560323,0
734,5711,137.7941184,53.94692767,0.9201764703,5879,85.27292091,0.7498686975,317.525,0.7118134252,2.554253307,1
9540,6430,165.1443887,50.80034869,0.9515119718,6618,90.48165711,0.4653350702,363.245,0.6123807734,3.250851479,1
12832,9143,159.5871353,73.85040796,0.886484046,9404,107.8945279,0.6639796659,383.695,0.7804162505,2.160951302,0
6206,5004,138.9986033,46.34403628,0.9427806297,5141,79.82036508,0.7346938776,311.735,0.6470771058,2.999277025,1
857,6221,143.976565,55.67772196,0.922199789,6337,88.99900678,0.8112936881,329.566,0.7197559496,2.585891805,1
14683,8831,158.8423987,71.46255863,0.8930809571,9011,106.0376274,0.7749210249,379.411,0.7709033145,2.222735958,0
15258,8157,154.0340124,68.719538,0.8949670553,8314,101.9108187,0.5841031149,366.412,0.7634857745,2.241487892,0
11697,8321,150.9730806,71.34673569,0.8812882116,8594,102.9302009,0.7496396396,365.764,0.7815980544,2.116047484,0
1555,6115,146.4550729,54.49518497,0.9281946936,6263,88.23751932,0.5020525452,334.552,0.6865608967,2.687486482,1
14957,7058,142.3028116,63.75686316,0.8940152319,7166,94.79728217,0.8073667353,335.247,0.7891539191,2.231960679,0
14060,7385,144.5547936,65.65310638,0.8909127288,7553,96.96841773,0.7484544441,343.527,0.7863911371,2.201796709,0
16593,8827,161.7425306,70.38197638,0.9003588259,9081,106.0136098,0.6177911534,383.704,0.7534081908,2.298067473,0
11198,4113,140.2210628,38.54930435,0.9614676558,4394,72.36597438,0.4555826318,302.74,0.5639348843,3.637447293,1
104,3878,98.86216016,51.20220775,0.8554320115,3952,70.26822151,0.8244047619,244.49,0.8152587481,1.930818309,1
16761,9380,167.5591675,72.63799261,0.9011504268,9703,109.2839738,0.6539319576,400.218,0.7359011265,2.306770347,0
3205,6879,159.0260289,56.42462454,0.9349369979,7064,93.58747153,0.5766619163,359.513,0.6688149545,2.818379922,1
8949,6579,164.4287624,51.56400221,0.9495569027,6711,91.52400212,0.4696601942,359.99,0.637953283,3.188828549,1
6811,6892,165.0107514,54.37148028,0.9441546494,7066,93.67586104,0.46205417,369.418,0.6346277047,3.034876934,1
5971,5653,148.2939013,49.67662717,0.9422225145,5767,84.83880684,0.4466656131,330.037,0.6521741607,2.985184577,1
102,4754,109.0975949,56.64723153,0.854631832,4863,77.80090485,0.6669472503,271.228,0.8120822131,1.92591221,1
4460,6460,155.3773573,53.67136297,0.9384460293,6619,90.69248844,0.6991341991,349.414,0.6649083367,2.894976925,1
11370,8285,149.8946482,71.36814617,0.8793792128,8441,102.7073008,0.6025454545,359.847,0.804019541,2.100301832,0
9842,6464,166.1591409,50.46854223,0.952756178,6648,90.72056226,0.6334149927,362.44,0.6183565541,3.292330896,1
4476,6154,151.6704016,52.37705232,0.938479593,6340,88.51845095,0.5935570988,343.403,0.6557815383,2.895741454,1
16311,10195,173.0289481,75.79297979,0.8989572296,10392,113.9327747,0.5580186097,410.172,0.7614915236,2.282915232,0
15166,8968,160.5683283,71.72105987,0.8946987678,9158,106.8569709,0.7276858163,379.27,0.7834449406,2.238789117,0
12517,7526,144.3931229,67.17023247,0.8852108743,7655,97.88973804,0.6387710066,343.676,0.8007107662,2.149659418,0
8542,6987,170.3522421,54.03297598,0.9483640758,7224,94.31927003,0.5064878579,376.186,0.6204336572,3.152745875,1
17866,7970,157.3273718,64.84306592,0.9111143113,8106,100.7358882,0.5718180514,366.256,0.7466184012,2.426279041,0
15238,9901,169.3330647,75.56378495,0.8949115654,10204,112.2779797,0.579005848,403.606,0.7637895231,2.240928837,0
15447,8310,154.805715,68.83739803,0.8956946642,8485,102.8621437,0.7241199024,368.692,0.7682161966,2.24886064,0
10412,6162,164.5714362,48.61611225,0.9553704523,6417,88.57596782,0.5895522388,357.974,0.6042665986,3.385121281,1
314,5089,123.5226615,53.34879907,0.9019239739,5244,80.49544113,0.6470438652,293.36,0.7430884671,2.315378484,1
709,5910,139.3679035,54.71167119,0.9197220885,6032,86.74586854,0.8080393765,322.685,0.7132467304,2.547315783,1
9552,6709,168.1412547,51.69125033,0.9515714975,6929,92.42382867,0.6902263374,371.197,0.6118694089,3.252799142,1
17170,9472,169.3066319,72.56350329,0.9034980458,9650,109.8186003,0.6480569239,401.236,0.7393528802,2.333220203,0
8254,5239,146.4243274,46.77433897,0.9476052335,5358,81.67314109,0.4450390758,323.543,0.6289183209,3.130441405,1
706,5362,132.8810475,52.17767364,0.9196817762,5492,82.62633018,0.5843504795,304.608,0.7261963528,2.546703182,1
16966,8410,159.0153501,68.59049966,0.9021869893,8676,103.4791987,0.5621657754,378.117,0.7391855233,2.318329082,0
6294,5746,149.5557129,49.77799384,0.942983622,5910,85.53382035,0.5254686786,335.133,0.6428965531,3.004454405,1
2137,6309,149.9410158,54.69950958,0.93108322,6450,89.62627008,0.4952119309,338.66,0.6912618405,2.741176601,1
3659,5986,148.8843718,52.30791666,0.9362507588,6127,87.30184371,0.4909776903,333.913,0.67465217,2.846306664,1
2798,5187,136.8648133,49.0486428,0.9335785185,5282,81.26680453,0.498989899,304.844,0.7014081516,2.790389407,1
2486,6070,147.4195056,53.24916376,0.9324851161,6221,87.91225191,0.7095265926,335.76,0.676613475,2.768484896,1
4448,6340,155.4203851,53.7068023,0.9383972875,6590,89.84619476,0.4872051026,357.29,0.6241046231,2.893867787,1
3617,6293,152.3420881,53.59090102,0.9360827024,6461,89.51254915,0.6112676056,342.385,0.6745872617,2.842685703,1
16852,8231,156.5792948,67.72488517,0.9016206368,8381,102.3720406,0.8082285939,363.895,0.781106567,2.311990554,0
13265,6787,138.4430872,63.61068491,0.8881923939,6906,92.95954384,0.7819124424,331.7,0.7751696672,2.17641246,0
3261,6478,154.4340037,54.72624268,0.9351066032,6668,90.81875231,0.6489031353,348.927,0.6686235279,2.821936901,1
10323,9170,156.1771715,75.55218394,0.8752009976,9530,108.053721,0.5874815811,389.207,0.7607078791,2.067143044,0
7140,6051,154.7840326,50.69691255,0.9448396637,6212,87.77455488,0.5145408163,340.666,0.6552083668,3.053125424,1
16461,8997,162.8096922,71.0774283,0.8996714817,9153,107.0296042,0.7033302064,386.035,0.7586722876,2.290596271,0
8158,6015,156.1235486,49.99223178,0.9473467812,6184,87.51306109,0.4491487455,346.112,0.6309750429,3.122956168,1
4049,5958,148.5547456,51.78164202,0.9372829653,6135,87.09742366,0.6801369863,336.406,0.6615808058,2.868868963,1
18075,7976,162.6636448,64.61033189,0.9177311903,8546,100.7737992,0.5105947122,384.715,0.67719972,2.51761042,0
11817,9252,159.1499176,75.01598452,0.8819439912,9427,108.5357649,0.5953667954,382.178,0.7960019312,2.121546742,0
14448,9744,166.9380763,75.39766494,0.8921949505,10025,111.3842274,0.5775248933,400.463,0.7635233908,2.214101411,0
14259,7500,146.2593605,66.23889531,0.8915681602,7676,97.72050238,0.6894649752,352.128,0.7600987308,2.20805857,0
7475,8060,143.5821337,72.55056708,0.8629498031,8258,101.3030638,0.6515237248,367.635,0.7493957126,1.979062873,0
9978,5514,153.9247441,46.4548937,0.9533704255,5691,83.78927646,0.6520813623,343.344,0.5877839201,3.313423663,1
6391,5787,149.8092486,49.77933533,0.9431791005,5976,85.83843688,0.562609372,337.779,0.6373794471,3.009466631,1
5310,5196,140.7913232,47.78113826,0.9406509499,5317,81.33727727,0.4891734137,313.303,0.6651964143,2.946587887,1
14124,7581,146.5626106,66.51190248,0.891097344,7697,98.24677597,0.5721509434,347.434,0.7892084524,2.203554629,0
11751,8731,154.3465727,72.84991347,0.8816043368,8929,105.4355465,0.7868601298,370.801,0.7979800959,2.118692601,0
14392,8726,158.024595,71.43168938,0.8920032747,9013,105.4053522,0.7828115188,381.561,0.7531771156,2.212247763,0
3235,5672,143.5358783,50.90214984,0.9350066619,5796,84.98126086,0.4910822511,327.893,0.6629515581,2.819839216,1
8138,6036,156.9638154,50.28984798,0.9472852716,6268,87.66569393,0.4507841673,353.125,0.6082780777,3.121182936,1
12080,6550,134.0372132,62.8573101,0.8832225009,6670,91.32206206,0.6085098476,320.473,0.8014349398,2.132404536,0
13968,9286,161.9503189,73.65225419,0.8906022737,9516,108.7350101,0.7167335597,390.411,0.7655868269,2.198850812,0
2698,6984,159.6314805,57.33116749,0.9332810036,7287,94.29901898,0.4878116924,373.626,0.628694866,2.784375193,1
218,4148,106.9693936,50.40674957,0.8820125532,4232,72.673225,0.8133333333,255.109,0.8009345919,2.122124407,1
17927,6883,147.0046572,60.22420458,0.9122313277,7015,93.6146772,0.6025035014,341.65,0.7410112193,2.440956394,0
3975,6100,149.9173262,52.32385955,0.9371159852,6291,88.12923024,0.4778691735,341.34,0.6579082475,2.865180962,1
14843,8917,160.5596456,72.04962598,0.8936620759,9134,106.552696,0.7692374051,384.0,0.7599170381,2.228459113,0
12132,7532,144.077023,67.48996977,0.8835007249,7728,97.92875089,0.5856009952,347.535,0.7836516965,2.134791636,0
9464,6735,133.3215615,65.34415405,0.8716524796,6874,92.60274474,0.6026306371,325.392,0.7993440038,2.040298225,0
1356,6319,147.8699201,55.48882203,0.9269219045,6483,89.69727244,0.5365998641,335.862,0.703941355,2.6648596,1
10526,6599,170.4572371,49.98627415,0.956036352,6746,91.66301193,0.4762214043,365.254,0.6215814296,3.410080868,1
2178,6347,149.6821318,54.53436518,0.9312681513,6549,89.89578072,0.6632183908,349.423,0.6532439349,2.744730434,1
477,5844,135.8156503,55.44460968,0.9128771767,5971,86.26014085,0.6515050167,317.21,0.7298377642,2.449573567,1
9922,8748,151.771477,73.94775831,0.8732731635,8887,105.5381426,0.6855799373,365.658,0.8221829746,2.052414846,0
4555,6320,153.8880757,53.05712831,0.938684481,6498,89.70436959,0.5695746215,350.325,0.6471197892,2.900422255,1
6490,7334,135.197223,69.99896092,0.8555292818,7485,96.63301103,0.724345679,335.191,0.820287458,1.93141757,0
9329,4934,144.1139977,44.67115614,0.9507460206,5049,79.26010291,0.4643764706,317.056,0.6167896205,3.226108527,1
3051,5990,147.7081629,52.60006805,0.9344447796,6163,87.33100751,0.4889795918,334.567,0.6724662337,2.808136346,1
8407,6658,164.1837209,52.25330363,0.9480030726,6824,92.07186806,0.5369354839,363.698,0.6325164563,3.142073506,1
11317,7870,145.9592157,69.56685637,0.8791102577,8042,100.1019241,0.6087561881,353.528,0.7912923438,2.098114294,0
13715,8086,151.1593766,68.99392498,0.8897584735,8320,101.4663243,0.6365926626,361.598,0.7771262189,2.190908499,0
7018,6099,155.2187939,50.94199466,0.9446100784,6256,88.12200624,0.7133333333,346.081,0.6399012866,3.046971265,1
11068,6892,136.4689545,65.31986264,0.8780098001,7073,93.67586104,0.6242753623,341.551,0.7424103373,2.089241295,0
4392,5519,143.7898985,49.75850345,0.9382160486,5727,83.82725719,0.6556189119,321.966,0.6690371502,2.889755289,1
12843,8846,157.6059613,72.91589926,0.8865426699,9097,106.1276449,0.6150743986,379.842,0.7704613034,2.161475932,0
8012,6670,163.712782,52.60506917,0.9469688542,6811,92.15480326,0.5773891967,362.73,0.6370429974,3.112110384,1
12622,8554,154.0478265,71.53307162,0.8856485023,8732,104.3613485,0.6275862069,368.694,0.790764146,2.153518967,0
12368,9334,160.6735143,74.92981485,0.8846012064,9635,109.0156774,0.7672201217,388.946,0.7753522324,2.144320183,0
8687,5909,156.2086668,49.3321509,0.9488226817,6025,86.73852933,0.8262024609,339.695,0.6434955456,3.166467789,1
2555,6840,157.2140164,56.685578,0.9327348115,7027,93.3218007,0.5473751601,354.808,0.6827774335,2.773439418,1
124,3803,99.47215247,50.26503783,0.8629333908,3911,69.58541506,0.5427429713,246.555,0.7861556881,1.978953101,1
12340,9191,159.1965057,74.27973986,0.8844729231,9396,108.1773759,0.7317675159,382.189,0.7907082383,2.143202251,0
16700,8528,159.5306843,69.24569627,0.9008845455,8706,104.2026239,0.5652548552,375.396,0.7604624498,2.30383537,0
5195,6636,159.0893328,54.11518061,0.9403690448,6880,91.91962586,0.4694397284,370.979,0.6059232106,2.939828177,1
12800,7495,144.330531,66.82882716,0.8863445577,7643,97.68792345,0.6105408928,345.985,0.7868047263,2.159704683,0
17416,7863,155.1459485,65.90133745,0.9053013233,8082,100.0573962,0.572770979,361.536,0.7559534306,2.354215476,0
3208,6547,154.7221929,54.8954266,0.934942241,6672,91.30114621,0.7976364522,345.982,0.6872981822,2.818489671,1
9162,6428,163.5604472,50.96663538,0.9502109595,6600,90.46758421,0.5640575641,358.934,0.6269841102,3.209167056,1
8848,5648,152.3654983,47.92859035,0.9492365064,5759,84.80127917,0.4464822134,334.486,0.6343788015,3.179010632,1
12532,8556,153.4159993,71.35475311,0.8852548206,8747,104.3735481,0.5983216783,369.978,0.7854686196,2.150045969,0
1399,5889,142.8272147,53.45938272,0.9273100519,6066,86.59161437,0.5763358779,325.383,0.6989750927,2.67169592,1
10055,6695,169.0800416,50.86078731,0.953684426,6851,92.32734563,0.5121634027,369.703,0.6155374711,3.324369333,1
2040,6258,148.905041,54.4743382,0.9306806171,6392,89.26327952,0.5228070175,334.928,0.701039535,2.733489675,1
15332,8223,154.0698064,68.63439959,0.8952938859,8499,102.322279,0.5679651886,365.472,0.7736275631,2.244789892,0
9546,6091,160.5997543,49.39393601,0.9515289396,6207,88.06419288,0.4337701182,351.664,0.6189315768,3.251406292,1
3246,6046,110.2603619,71.38469519,0.762133942,6163,87.73828291,0.6570310802,298.407,0.85321797,1.54459386,0
4956,5821,148.3731799,50.74701878,0.9396916334,5966,86.09022819,0.4914724755,332.315,0.6623805533,2.923781209,1
12551,9004,158.3053701,73.59952123,0.8853520689,9282,107.0712326,0.796532201,382.222,0.7744867444,2.150902172,0
11686,7594,143.9637191,68.05295678,0.8812185474,7846,98.33097733,0.6114331723,348.218,0.7870059635,2.115466041,0
6788,6565,160.6641288,52.96131771,0.9441067174,6794,91.4265695,0.6459071232,360.363,0.6352785723,3.033612753,1
8001,5035,141.8379078,45.58977483,0.9469361757,5143,80.06722868,0.6495098039,313.63,0.6432416285,3.111178074,1
5447,6734,161.7446867,54.73689523,0.9409968157,6994,92.59586975,0.4839034205,367.794,0.6255668058,2.954948139,1
2951,6554,155.4121066,55.47901241,0.9341120308,6778,91.3499424,0.4778361038,351.82,0.6653884416,2.801277454,1
13831,8018,150.0038652,68.33851863,0.8901956725,8140,101.038778,0.5758816347,355.813,0.7958519653,2.195011953,0
9720,5891,157.4574822,48.05945686,0.9522812872,6072,86.60631708,0.4459837989,344.831,0.622567268,3.276305903,1
14253,8757,158.1517041,71.6301639,0.8915508593,9006,105.5924178,0.5823247772,381.911,0.7544680951,2.207892534,0
4790,4097,126.1286354,43.28780393,0.9392610271,4347,72.22508162,0.6495956873,287.148,0.6244019296,2.913722202,1
1633,6625,152.591142,56.61007381,0.9286361123,6853,91.84341013,0.8071393762,354.823,0.6612599495,2.695476826,1
14709,7220,144.4663984,64.97073481,0.8931650405,7493,95.87903584,0.5704804046,351.469,0.7344682221,2.223561097,0
6021,6396,156.8415521,52.48809871,0.9423400646,6536,90.24211948,0.4775985663,348.146,0.6631251502,2.98813552,1
2027,6541,152.6234528,55.85677894,0.9306236238,6720,91.25930014,0.7267777778,345.982,0.6866683075,2.732406982,1
17281,8078,156.1539201,66.65328769,0.9043255035,8229,101.4161183,0.6132705739,367.453,0.7518134967,2.342778962,0
12826,8198,150.8516522,69.81788874,0.8864497652,8360,102.1666178,0.6441423745,359.44,0.7973793177,2.160644713,0
9923,8471,149.8691855,73.01785657,0.8732845048,8656,103.853802,0.6564122433,362.83,0.8086082503,2.052500478,0
7860,5845,153.189207,49.38332545,0.9466143661,6013,86.26752077,0.4539805825,341.058,0.6314484442,3.102043161,1
17876,5882,135.9124657,55.95539251,0.9113186679,6004,86.54013521,0.7723214286,316.533,0.737729069,2.428943121,0
10453,5649,157.2376502,46.34122434,0.9555833723,5773,84.80878603,0.7335410986,337.654,0.6226408938,3.393040482,1
2079,5973,145.0182082,52.98482887,0.9308636585,6111,87.20699399,0.5142045455,328.405,0.6959577212,2.73697606,1
11832,9337,160.419076,75.58796747,0.8820313931,9613,109.0331951,0.5812013694,390.572,0.7691570261,2.122283233,0
6552,6815,130.5827677,67.56880152,0.8557192395,7060,93.15110036,0.701926048,325.713,0.8072453256,1.932589668,0
11400,8258,149.9153724,71.35266826,0.8794707276,8548,102.5398077,0.5792648709,366.06,0.7744264754,2.10104788,0
14364,8780,158.7911454,71.79983637,0.8919341881,9058,105.7309945,0.5792320887,379.951,0.7642741948,2.211580882,0
10963,7875,145.4318052,69.73395965,0.8775440996,8080,100.1337177,0.655922039,354.105,0.7892167761,2.085523408,0
5501,6502,157.4494718,53.24351895,0.941087707,6649,90.98683157,0.5016975309,349.285,0.6697256903,2.957157507,1
362,5655,130.9221608,55.39486495,0.9060769341,5756,84.85381326,0.7476203067,304.449,0.76667865,2.363434967,1
16957,8494,159.1972281,68.67910213,0.9021565026,8696,103.9946955,0.5864402099,376.669,0.7523195757,2.31798645,0
8749,5839,154.1660126,48.60663292,0.9489961675,5965,86.2232318,0.6059568286,339.209,0.6376958727,3.171707303,1
2484,5762,143.7589792,51.92956421,0.9324780741,5878,85.65282399,0.5669027942,322.298,0.6970563645,2.768345572,1
3779,5714,146.823079,51.45520917,0.9365787376,6033,85.29531499,0.5251838235,346.092,0.5994693441,2.853415259,1
3866,6112,151.2597846,52.91797979,0.9368063626,6276,88.21587214,0.464402401,341.259,0.6595154622,2.858381691,1
5126,7878,135.7379715,75.079873,0.8330992157,8050,100.1527889,0.6947089947,342.857,0.8421700624,1.80791424,0
5847,5677,147.3057104,49.47069495,0.9419201496,5794,85.01870909,0.8045634921,325.331,0.674027882,2.97763576,1
12305,8534,153.2883776,71.56244754,0.8843373156,8784,104.2392741,0.6328513163,369.86,0.7839489304,2.142022567,0
15798,9914,169.3534549,74.88200903,0.8969341979,10192,112.351666,0.7152442104,426.469,0.6849893874,2.26160405,0
11319,9380,159.4779501,76.01002034,0.8791106465,9846,109.2839738,0.6012820513,395.888,0.7520869047,2.098117451,0
13013,9661,164.3475302,75.80831921,0.887260661,10044,110.908824,0.6232903226,421.401,0.6836610259,2.167935286,0
3618,6785,157.9183055,55.55160787,0.9360848321,7054,92.94584612,0.5628836901,357.016,0.6689356725,2.842731498,1
17854,10166,177.8134968,73.36584415,0.9109123237,10383,113.7706166,0.6873563218,415.667,0.7393820029,2.423655024,0
10647,6257,166.2943927,48.43654177,0.9566409348,6448,89.2561473,0.4534057971,359.071,0.6098392275,3.433242478,1
821,4409,120.9858536,46.9580739,0.9216052109,4526,74.92471657,0.5472939424,278.673,0.7134444715,2.576465421,1
6087,6799,162.8459147,54.40593966,0.9425395497,7032,93.04168778,0.4936111514,367.901,0.6312377579,2.993164271,1
8204,6019,156.2055688,49.95942467,0.9474745178,6168,87.54215453,0.4972736286,342.8,0.6436541605,3.126648671,1
1612,6395,150.0125359,55.69285141,0.9285310902,6584,90.23506463,0.6344246032,342.898,0.6834716559,2.693568961,1
17216,9945,173.0589366,74.06882367,0.9037798318,10183,112.5271846,0.73125,408.778,0.7478932654,2.336461253,0
6914,5134,142.2362097,46.78226078,0.9443628659,5262,80.8505524,0.7802431611,313.596,0.6560315097,3.040387688,1
7090,6795,164.2549092,53.84652876,0.9447391778,7016,93.01431452,0.4746106028,372.252,0.6162050392,3.050427075,1
3249,5532,142.8771454,50.64977177,0.9350564821,5717,83.92592663,0.5386562804,321.678,0.671814411,2.820884288,1
3903,6141,151.3124307,52.89817748,0.9369006541,6301,88.42490624,0.5056818182,337.12,0.6790158702,2.860446956,1
4722,5721,147.3724222,50.66022323,0.9390588327,5857,85.34754499,0.4687807276,328.928,0.6644772601,2.909036179,1
6316,6119,154.3605653,51.35855469,0.943026332,6267,88.26637397,0.5002452583,344.248,0.6488547162,3.005547298,1
2627,5400,138.9736706,50.00207658,0.9330312568,5526,82.91859587,0.7785467128,317.234,0.6742860414,2.77935798,1
17538,7915,155.3887186,65.63086966,0.9064255014,8096,100.3877034,0.5603936562,362.246,0.7579727387,2.367616327,0
3943,6449,155.2882015,54.23355135,0.9370316294,6700,90.61524057,0.4838685474,352.24,0.6531679946,2.863323489,1
8969,5888,156.1431868,48.94044108,0.9496102884,6093,86.58426208,0.508331175,347.497,0.612739032,3.190473632,1
4937,5920,149.9971429,51.32434284,0.9396384998,6110,86.81922659,0.4966859636,340.188,0.6428262319,2.922534116,1
5217,5759,148.0195895,50.33331856,0.9404091719,5949,85.6305234,0.5836627141,333.925,0.6490214842,2.94078741,1
2251,6462,152.3327017,55.41001846,0.9314991797,6604,90.70652644,0.8229750382,344.526,0.6841208298,2.749190597,1
1581,5626,139.5265938,51.8656986,0.9283423879,5841,84.63595973,0.5041218638,335.599,0.6277233383,2.690151634,1
2586,5327,139.2304232,50.15346073,0.9328677208,5525,82.3562205,0.4799099099,320.063,0.6534639258,2.776088055,1
5457,5689,147.5862883,49.93621996,0.9410193657,5815,85.10851761,0.506905462,327.914,0.6648533785,2.955495799,1
6340,6408,158.1264317,52.59167743,0.9430706112,6614,90.32673471,0.7242314647,360.183,0.6207060022,3.006681655,1
10324,8846,153.2657884,74.13456027,0.8752342265,9056,106.1276449,0.6229577465,372.342,0.8018123563,2.06739998,0
7509,5379,146.5114023,47.58210344,0.945793974,5512,82.75720821,0.8064467766,324.926,0.6402395224,3.079128322,1
10291,5950,161.3849377,47.97265444,0.9547977907,6141,87.03892975,0.4728226319,351.046,0.6067346141,3.364102728,1
5171,6515,157.6269711,53.64214607,0.9403130448,6679,91.077745,0.492441421,351.387,0.6630601136,2.938491143,1
1183,6258,145.8641463,55.17414101,0.9257006037,6370,89.26327952,0.5237696686,327.596,0.7327709473,2.643704889,1
328,5633,130.2621314,55.96028775,0.9030204739,5756,84.68859637,0.6827878788,305.169,0.7600965934,2.327760214,1
17226,9023,164.7174169,70.46734329,0.9038698793,9257,107.1841425,0.5501158395,390.01,0.7454342379,2.337500027,0
16328,9539,167.6034627,73.38945802,0.899035597,9806,110.2063157,0.6440048609,398.325,0.755505418,2.283753923,0
13531,8825,157.5219807,72.08677805,0.8891427432,9094,106.001599,0.7644663895,378.376,0.7745998608,2.185171608,0
14874,9185,162.1896158,72.75360717,0.8937470485,9437,108.1420604,0.5680272109,397.774,0.7294847872,2.22929999,0
3336,5139,137.8564917,48.77741296,0.9353107105,5314,80.88991297,0.4892421935,315.85,0.6473314678,2.826236229,1
7338,6153,156.0679081,50.89400682,0.9453347,6291,88.51125871,0.4578125,346.229,0.6450151217,3.066528218,1
128,4371,106.0365044,53.38323965,0.8640289693,4460,74.60113974,0.6237157534,256.509,0.8348057954,1.986325767,1
6351,5228,142.3168069,47.32214063,0.9430987902,5373,81.58735404,0.4787545788,314.402,0.6646221987,3.00740425,1
8087,5056,143.015443,45.87910738,0.9471475423,5175,80.23402731,0.5,314.905,0.6407045625,3.117223747,1
11915,8960,156.9178357,73.80926776,0.8824698918,9263,106.8092988,0.6435394671,380.404,0.7780862196,2.125990955,0
7225,5157,143.6161283,46.96698801,0.9450134618,5334,81.03145273,0.5360706861,323.256,0.6201743586,3.057810058,1
737,6104,142.195929,55.65883287,0.9202106379,6334,88.15812034,0.614331723,337.283,0.6742725579,2.554777413,1
5573,6549,158.8646709,53.62722061,0.9413020673,6703,91.31509064,0.7971032132,356.832,0.6463343927,2.962388672,1
9277,6456,164.0195248,50.9268478,0.9505757985,6623,90.66440592,0.6881995523,363.821,0.6129116259,3.22068873,1
11974,8178,149.81348,70.38716468,0.8827558587,8272,102.0419178,0.8410119292,356.121,0.8103297839,2.12842044,0
451,5964,137.1638147,56.36935775,0.9116516789,6089,87.14126832,0.631913541,316.144,0.7498555514,2.43330455,1
8899,6218,160.2788288,50.33285348,0.9494120432,6367,88.97754486,0.8357526882,350.224,0.6370430381,3.184377951,1
1839,6174,148.4689073,54.66301796,0.9297552358,6417,88.66217316,0.5959459459,345.784,0.6488834559,2.716075929,1
10126,5135,150.5084085,45.12026756,0.9540065714,5451,80.85842604,0.6172616901,332.345,0.5842140714,3.335716224,1
89,4623,106.8561506,56.29384365,0.8499775337,4720,76.72148601,0.7891771936,264.644,0.8294871322,1.898185373,1
8820,5566,150.9969362,47.52874764,0.9491692017,5703,84.18343843,0.4850544662,329.652,0.6436379399,3.176960128,1
8918,5562,151.4040564,47.50866488,0.9494933133,5687,84.15318382,0.6802837573,332.774,0.6311637887,3.186872475,1
10176,6633,169.4284423,50.64480155,0.9542795578,6841,91.89884602,0.457953604,367.86,0.6159631458,3.345426127,1
4465,6408,155.3907209,53.67046117,0.9384590991,6581,90.32673471,0.7902330744,348.479,0.6631001764,2.89527456,1
9937,9193,155.8162464,75.91360861,0.8732906598,9511,108.1891452,0.6017936633,391.647,0.7531431244,2.052546957,0
14111,9062,160.3972126,72.80018725,0.8910656749,9267,107.4155331,0.5867650868,381.036,0.7843355557,2.203252748,0
14758,9509,164.8397429,74.08752478,0.8933045666,9688,110.0328807,0.5631959251,390.962,0.7817639075,2.224932515,0
5609,6673,160.2417475,54.04909806,0.941398203,6833,92.1755254,0.705764146,354.98,0.6654619354,2.964744154,1
14500,8522,156.1108187,70.45430605,0.8923674547,8749,104.1659609,0.5729460804,372.784,0.7706139487,2.215773987,0
4446,6570,156.7284974,54.16119699,0.9383917291,6886,91.46137878,0.5672105672,377.775,0.5785072488,2.893741389,1
15310,7762,150.2243191,66.94608593,0.8952118611,7966,99.41270214,0.6563504143,360.026,0.7525160579,2.243959703,0
8356,5895,155.2126101,49.46338876,0.9478618549,6034,86.63571502,0.4583268543,342.011,0.6333058864,3.137929163,1
14098,9545,164.2839955,74.5783752,0.8910220249,9779,110.2409699,0.6177993528,394.025,0.7725707142,2.202836883,0
12472,8968,157.8139857,73.46859218,0.8850272762,9194,106.8569709,0.7465867466,380.61,0.7779381584,2.148046954,0
12732,6616,135.4620185,62.80005586,0.8860451288,6769,91.78100472,0.6083678161,327.352,0.7758457104,2.157036592,0
4326,5667,145.9627999,50.57511184,0.9380524984,5844,84.94379612,0.468385817,329.233,0.6569863674,2.886059855,1
1398,5956,143.3060235,53.63885433,0.9273093299,6092,87.08280386,0.6752834467,328.053,0.6954669972,2.671683153,1
12927,8708,156.0605617,72.08904983,0.8869164038,8989,105.2965809,0.7249417249,380.378,0.7563059258,2.164830333,0
16759,8956,163.0359643,70.67900664,0.9011449618,9123,106.7854548,0.7883802817,381.734,0.7723288584,2.306709899,0
6671,6891,164.6625247,54.40963444,0.9438300836,7051,93.66906481,0.4813159181,364.941,0.6501997504,3.026348667,1
8957,5477,151.002111,47.34592548,0.9495734113,5696,83.5076822,0.4485667486,341.281,0.5909195843,3.189336979,1
3911,6388,154.1883534,53.89753383,0.9369153038,6661,90.18566522,0.6551794872,359.893,0.6197663209,2.860768247,1
17314,6685,142.0725132,60.55821302,0.9046060534,6798,92.25836741,0.5707821038,331.787,0.763119488,2.346048638,0
9110,6363,162.5669537,50.74406665,0.9500352711,6527,90.00901745,0.7110291653,356.865,0.6278615317,3.203664278,1
10798,9934,163.4094859,78.56004565,0.8768545684,10124,112.4649351,0.5971028431,399.677,0.7814761099,2.080058439,0
16347,9295,165.2488278,72.33174293,0.8991142093,9472,108.7876903,0.7262853571,391.882,0.7605865242,2.284596238,0
8843,6852,168.0343082,52.8661349,0.9492193229,7100,93.40362606,0.7832647462,368.17,0.635229156,3.178486729,1
6832,7566,137.2598223,70.73932728,0.8569689439,7703,98.1495308,0.6928571429,336.811,0.8381151041,1.940360866,0
8011,4879,140.6501944,45.19629673,0.9469644587,5024,78.81710309,0.4323055113,312.75,0.6268246191,3.111984932,1
14396,9640,165.8281248,74.95454546,0.8920172249,9896,110.7882178,0.800332088,403.129,0.7454161802,2.212382501,0
5816,5965,151.8909903,51.04443357,0.9418407027,6115,87.14857362,0.7849717068,337.216,0.6591799163,2.975662176,1
12034,8722,154.468185,72.5056986,0.8829913782,8856,105.3811905,0.7912546494,368.816,0.8057613646,2.130428201,0
10377,5792,159.0176351,47.02192403,0.9552800572,5978,85.87551131,0.5678431373,347.496,0.6027521908,3.381776446,1
1329,5457,137.6405324,51.71307998,0.9267368271,5602,83.355073,0.760451505,314.523,0.6932007102,2.661619314,1
9030,8747,150.9353017,74.34070593,0.8702934351,8934,105.5321103,0.6089529379,372.128,0.7937510136,2.030318381,0
5278,7297,131.8746277,71.63254169,0.8396119501,7458,96.38894624,0.7957470011,333.833,0.8228026462,1.840987694,0
2572,6354,151.7306312,54.67925939,0.9328092125,6544,89.94533933,0.6002834199,342.071,0.6823772825,2.77492111,1
12754,9348,161.0244949,74.61440529,0.8861633322,9525,109.0974026,0.5818860878,384.758,0.7935115465,2.158088566,0
5322,5332,142.0289757,48.19255315,0.9406728297,5451,82.39486181,0.78285127,314.572,0.6771110133,2.947114573,1
1028,5804,139.6519672,53.34184938,0.9241777198,5957,85.96442472,0.522177238,325.385,0.6888778344,2.618056344,1
12801,9562,163.1278436,75.53153633,0.886347569,9766,110.3390979,0.6228504429,390.23,0.7890732041,2.159731571,0
829,5710,138.052519,53.54778274,0.9217099678,5873,85.26545491,0.539799584,317.833,0.7103101129,2.578118307,1
8769,10075,162.1100951,80.05870325,0.8695448937,10347,113.2602685,0.6067449563,409.128,0.756373863,2.024890344,0
16225,6922,142.45052,62.51890796,0.8985449165,7019,93.87951922,0.5737732095,334.823,0.7759091838,2.278519006,0
12760,8768,156.648745,72.57708061,0.886195776,9118,105.6587163,0.7348307073,379.973,0.763141251,2.158377599,0
10207,6192,163.4589216,48.79147081,0.9544115807,6337,88.79132424,0.4273291925,363.034,0.5903998113,3.350153601,1
11012,5864,163.9813663,46.16996814,0.9595447431,6026,86.4076194,0.4806163429,356.777,0.5789087675,3.551688964,1
17779,8744,164.4364278,68.40432986,0.9093680188,8943,105.5140113,0.6917721519,382.942,0.7492970291,2.403889171,0
4141,6646,158.1173517,55.01359046,0.9375209363,6835,91.9888581,0.698622937,352.176,0.6733652311,2.874150739,1
15558,9524,165.7528197,73.5909378,0.8960366928,9668,110.1196323,0.7895871331,390.054,0.7866467973,2.252353682,0
10769,4958,148.3766513,42.76037625,0.9575738373,5076,79.45263786,0.684617509,320.749,0.6055998576,3.469956635,1
2481,5710,143.5649057,51.87093789,0.9324470985,5876,85.26545491,0.5648990898,330.047,0.6587102072,2.767732983,1
8841,7143,136.970008,67.55346022,0.8699165614,7309,95.36639905,0.6549605722,338.102,0.7852266568,2.027579454,0
10830,9329,158.3866233,76.09562404,0.8770263704,9551,108.9864749,0.596483376,385.627,0.7883336949,2.081415657,0
4507,6521,155.859718,53.78964119,0.9385601361,6656,91.11967445,0.4955920353,347.287,0.6794335854,2.897578688,1
5997,6414,158.0882035,52.93374869,0.9422761354,6608,90.36901261,0.7957816377,351.936,0.6507458876,2.986529529,1
17746,7248,150.2369131,62.66953056,0.9088431441,7491,96.06477096,0.5478043988,353.9,0.7272218571,2.397287992,0
3596,6422,154.5006546,54.37854677,0.9360138337,6607,90.4253524,0.7544642857,348.173,0.6657175192,2.841206024,1
18119,6044,141.7637264,55.15966035,0.9211973265,6216,87.72376992,0.6536880813,328.077,0.7056392824,2.570061626,0
3707,6010,149.0060893,52.29826194,0.9363826922,6158,87.47668069,0.7300777454,336.157,0.6683439445,2.84915949,1
12306,9305,160.3045396,74.83621068,0.8843429848,9526,108.8461941,0.6980495124,386.308,0.7835357878,2.142071842,0
7511,6217,157.959831,51.29815202,0.945798378,6375,88.97038974,0.7763486513,351.49,0.6323605725,3.079249929,1
2004,4960,131.9906561,48.33294987,0.9305422156,5061,79.46866138,0.5413074321,293.668,0.722733673,2.730862826,1
17252,9485,168.8044775,72.12723764,0.9041180622,9656,109.8939356,0.6022222222,394.201,0.7670289502,2.340370754,0
1713,6129,145.8775517,53.95064505,0.9290973941,6221,88.33846936,0.5174335163,326.935,0.7205707892,2.703907461,1
1990,5870,144.6666245,52.99158123,0.930496273,6035,86.45181391,0.5049462366,329.23,0.6805329556,2.729992598,1
6211,6295,156.4048236,52.1432667,0.9427902201,6460,89.52677216,0.5453049203,348.853,0.6500109523,2.999521003,1
7256,7179,168.8098365,55.16396131,0.9450998551,7391,95.60641554,0.5071706111,373.408,0.647003427,3.060147104,1
13272,10115,168.2318018,77.28588136,0.8882289083,10365,113.48488,0.6895023858,404.991,0.7749702072,2.176746889,0
12960,8434,154.1234886,71.15225998,0.8870582728,8756,103.6267452,0.5628294962,377.943,0.7419776928,2.166108127,0
17879,9620,173.5496133,71.42466946,0.9113863346,9994,110.6732326,0.5743969429,406.878,0.7302247016,2.429827322,0
12679,9293,160.3938476,74.41241778,0.8858689227,9472,108.7759858,0.58146665,383.229,0.7951500111,2.155471524,0
9688,6035,160.3806543,49.00606113,0.9521725269,6201,87.65843172,0.5709555345,350.44,0.6175324662,3.272669759,1
16244,10200,173.3067508,76.02901703,0.8986354232,10549,113.9607097,0.5698960778,415.827,0.7412840673,2.279481672,0
14980,9227,162.7399871,72.89058916,0.8940856635,9478,108.3890275,0.6176864373,388.319,0.768941151,2.232661156,0
971,6332,146.2356032,56.1034139,0.9234782202,6508,89.78949157,0.5067627051,337.006,0.7006086647,2.606536627,1
981,5065,131.620516,50.44344401,0.9236450233,5220,80.30540638,0.5139001623,302.981,0.6933595862,2.609269026,1
3572,6472,154.3402506,54.35163048,0.9359418422,6645,90.77668386,0.7504638219,349.042,0.6675641344,2.839661833,1
17288,8357,159.1311333,67.9079947,0.9043732426,8597,103.1526193,0.7235497835,374.01,0.7507474017,2.343334301,0
6238,6751,162.1502156,54.03133755,0.942849882,6897,92.71267533,0.4878947749,360.394,0.6531649444,3.001040191,1
10418,9985,162.7080704,78.61391488,0.8755324699,10181,112.7532565,0.6217310087,396.433,0.7983959684,2.069710822,0
170,4582,110.2029953,53.56818644,0.8739107109,4674,76.38051842,0.633222775,269.51,0.7927115404,2.057247083,1
7976,5750,151.9933079,48.87991804,0.9468781447,5877,85.56358678,0.4704630993,335.841,0.6406344365,3.109524606,1
2190,5912,145.3465464,52.94168231,0.9313033519,6045,86.76054511,0.6033884466,328.657,0.6877942109,2.745408533,1
12055,8888,156.278715,73.32383723,0.883099193,9095,106.3792887,0.6133885438,380.422,0.7717607028,2.131349379,0
13059,8751,156.2310063,72.01071779,0.8874392887,8874,105.5562374,0.5883420734,370.061,0.8030099225,2.169552131,0
4825,6636,158.996084,54.52668745,0.9393560006,6815,91.91962586,0.4671923402,355.425,0.6601160575,2.915931472,1
2118,5994,146.5044432,53.47151495,0.9310144945,6126,87.36016158,0.4786010859,332.649,0.6806975041,2.739859594,1
5894,7021,164.8997973,55.33242637,0.9420217509,7166,94.5484788,0.7391304348,368.212,0.6507481783,2.980165667,1
17360,9134,166.5876628,70.89117998,0.9049354778,9379,107.8414113,0.5585861057,390.322,0.7533986028,2.349906757,0
2813,5637,143.2190256,51.30356397,0.9336381577,5766,84.71865977,0.4883056133,324.71,0.6718411048,2.791599931,1
2849,6646,155.724394,55.73012422,0.933768871,6839,91.9888581,0.5658578118,351.21,0.6770744955,2.794258872,1
16549,9219,164.8240822,71.8061649,0.9001145214,9423,108.3420295,0.6148459384,396.085,0.7384428463,2.295402943,0
9987,6127,163.0649129,49.18273533,0.9534299758,6310,88.32405499,0.4781488996,358.0,0.6007471112,3.315490929,1
1451,5568,139.6475472,52.14856141,0.9276584251,5703,84.19856166,0.7130234345,317.938,0.6921882371,2.677879187,1
2959,5869,146.1369942,52.15365419,0.9341494955,6067,86.44444972,0.620926788,332.105,0.6686874082,2.802047076,1
8911,5899,155.7272639,48.88275392,0.9494561222,5998,86.66510298,0.4714297131,342.042,0.6336207421,3.185730168,1
8621,5286,146.571572,46.37760302,0.9486205042,5402,82.03867523,0.4767316017,321.885,0.64111442,3.160395588,1
12572,8310,151.9498686,70.61695288,0.8854479846,8604,102.8621437,0.6497771522,367.734,0.7722240378,2.151747737,0
9553,6690,167.9677536,51.62509579,0.9515961438,6849,92.29286297,0.7696732628,367.873,0.6212124539,3.253606623,1
2502,5500,141.047884,50.92705723,0.9325417408,5638,83.68283872,0.5432098765,319.783,0.6758678817,2.769606014,1
9510,6881,170.404282,52.49185202,0.951372424,7097,93.60107535,0.5891267123,379.535,0.6002853688,3.246299672,1
15965,9759,168.7409375,74.39416853,0.8975670344,9952,111.4699274,0.5733842538,398.476,0.7723441184,2.268201135,0
12020,8416,152.4258451,71.56450925,0.882930466,8692,103.5161051,0.5893557423,369.075,0.7764014432,2.129908339,0
2579,5528,141.548611,50.99601961,0.9328472502,5670,83.89557916,0.7953956835,319.285,0.6814293993,2.775679593,1
7426,5485,148.096591,48.20147657,0.9455512536,5660,83.56864785,0.6324224605,333.701,0.6189726786,3.072449259,1
17749,8550,162.2925158,67.67887367,0.9088983028,8723,104.3369451,0.5494505495,379.053,0.7477838861,2.397978971,0
14606,8784,159.0987381,71.67430066,0.8927754155,9071,105.7550763,0.5781229433,381.084,0.760082548,2.219745942,0
2009,6472,150.7663603,55.20357663,0.9305546068,6592,90.77668386,0.5470836855,337.722,0.7130658989,2.731097685,1
4025,5624,144.5945676,50.4226218,0.9372279716,5840,84.62091467,0.5172445507,333.803,0.6342707808,2.867652702,1
14148,7584,146.6656616,66.53411132,0.8911825944,7724,98.26621346,0.5984848485,349.385,0.7807278595,2.204367936,0
5067,7150,129.5802972,71.89970472,0.8319397164,7286,95.41311621,0.5777310924,328.895,0.830618048,1.802236848,0
15575,8806,159.4072736,70.75620865,0.8960908739,8937,105.8874281,0.6522962963,375.45,0.7850265188,2.252908637,0
12578,7367,143.0075005,66.45589557,0.885467049,7562,96.85017153,0.7256698188,347.554,0.7664008038,2.151915933,0
13787,9040,159.3198891,72.62801972,0.8900500302,9178,107.2850665,0.6988249845,378.046,0.794856994,2.193642202,0
13611,8759,157.138278,71.82690784,0.8894185754,8880,105.6044752,0.5865139949,372.511,0.7932063586,2.187735527,0
17789,8196,159.7342521,66.39099141,0.9095319404,8370,102.1541546,0.5288424313,373.984,0.7363864168,2.405962748,0
17315,8683,162.265381,69.15785454,0.9046279488,8926,105.1453231,0.5497309275,383.255,0.7428549236,2.346304437,0
15674,9170,163.0556437,72.24585823,0.8964846118,9394,108.053721,0.6948548913,387.325,0.7681183505,2.2569549,0
2580,5167,137.0414121,49.37120645,0.9328500543,5350,81.10997921,0.7275415376,316.234,0.6492787702,2.775735535,1
3412,5603,143.7539446,50.782052,0.9355264106,5771,84.46277979,0.6514358795,325.34,0.6652050872,2.830802201,1
11320,5235,158.7175663,42.52635062,0.9634363612,5331,81.64195623,0.3927821128,339.664,0.5702003908,3.732216942,1
6499,5871,151.8994097,50.37656121,0.9434045323,6055,86.45917746,0.7212530713,340.498,0.6363452604,3.015279449,1
9801,6468,166.9172376,50.7855215,0.9525903984,6656,90.7486274,0.4277777778,367.335,0.6023587934,3.286709138,1
11842,8345,150.9142615,71.08921038,0.8821028048,8581,103.0785332,0.625187294,365.576,0.7846588036,2.122885606,0
7181,7254,170.5127717,55.80990354,0.9449182977,7478,96.10452465,0.5224719101,381.115,0.6275890116,3.055242186,1
13872,9132,160.7649812,73.2057298,0.8903080768,9393,107.8296041,0.5950348602,383.458,0.7804411519,2.196071013,0
12130,6231,130.8462233,61.29341216,0.8834960928,6369,89.07050917,0.587331511,315.371,0.7872707297,2.134751822,0
14675,8204,153.7022085,69.16534927,0.8930306682,8493,102.2039981,0.560688901,370.575,0.7507291531,2.222242932,0
13321,9171,160.6829273,73.76549061,0.8883975928,9434,108.0596126,0.5800025297,389.697,0.7588788209,2.178294023,0
4394,5155,139.1600791,48.1522381,0.9382269574,5248,81.01573831,0.4964368259,306.074,0.6914896039,2.890002304,1
10006,6629,168.4414908,50.77706159,0.9534812836,6769,91.87113226,0.8199134199,364.126,0.6282818334,3.317275272,1
6596,7737,139.1843071,71.98623647,0.8558640788,7961,99.25247784,0.7111213235,351.996,0.784706056,1.933484981,0
3578,6006,148.9366728,52.445162,0.9359508699,6114,87.44756546,0.4819064431,331.904,0.6851256373,2.839855329,1
972,7329,157.9221765,60.58326327,0.9234879913,7629,96.60006534,0.5027783495,378.149,0.6440634784,2.606696437,1
3563,7291,163.4734703,57.58061614,0.9359126531,7524,96.34930991,0.8137276786,367.004,0.6802293505,2.83903649,1
17169,8953,163.8837877,70.24037967,0.9034949627,9122,106.7675683,0.6606404959,387.896,0.7477352352,2.333184822,0
1870,6702,153.5774885,56.46925116,0.9299475333,6871,92.37559975,0.5336837076,351.096,0.6832230728,2.719665753,1
9924,6730,169.544704,51.30956142,0.9531076534,6863,92.56836466,0.7891651032,367.351,0.6267040127,3.304349118,1
12031,8506,152.2693533,71.47618393,0.8829823249,8618,104.0681295,0.5977092263,360.93,0.8205202041,2.130350908,0
13579,7459,145.5415438,66.56050443,0.8892971004,7688,97.45303363,0.593964007,348.954,0.7697578195,2.186605181,0
3945,6493,155.1329579,54.17815954,0.9370344495,6683,90.92383826,0.5498814363,347.265,0.6766019402,2.863385527,1
13277,8423,154.1972182,70.83040636,0.8882556439,8658,103.5591458,0.5724091064,371.196,0.7681925472,2.176991862,0
1115,5912,141.9312656,53.88796794,0.9251193144,6027,86.76054511,0.5165574487,324.882,0.7038708655,2.633821074,1
11527,8606,153.0687079,72.67520556,0.8801001259,8823,104.6780757,0.627076654,368.785,0.7951786469,2.106202613,0
17635,8793,164.6011539,69.17683834,0.9073993496,8975,105.8092402,0.5368131868,386.139,0.7410706307,2.379425801,0
5747,7161,166.0053867,55.85772392,0.9416901144,7350,95.48648271,0.5470588235,369.595,0.6587662832,2.971932528,1
4681,6206,152.1451011,52.34959094,0.9389415288,6374,88.89164536,0.6747118939,338.886,0.6790697424,2.906328366,1
17867,9772,174.3061302,71.83602077,0.9111270378,10072,111.5441475,0.5428888889,409.108,0.7336980725,2.426444676,0
10952,6241,168.9555152,47.77365187,0.9591910571,6402,89.1419542,0.6922138421,362.282,0.5975448852,3.536583631,1
6463,6537,127.3958497,66.01804904,0.8552522413,6672,91.2313921,0.7082340195,315.442,0.8255612762,1.929712427,0
6138,6597,127.9053467,67.04974853,0.8515866873,6738,91.64912044,0.6168302945,317.966,0.8199643695,1.907618589,0
10946,9788,161.9165339,77.67336297,0.8774258085,10066,111.6354275,0.6239163692,393.424,0.7946614136,2.084582509,0
17897,8109,159.6764717,65.59587607,0.9117232797,8279,101.6105283,0.7660117136,371.529,0.7382300633,2.434245584,0
10679,9671,161.1710386,77.60031246,0.8764581661,9931,110.9662094,0.5974178404,392.508,0.788831458,2.076938011,0
9153,4553,137.0866226,42.72902407,0.9501826637,4657,76.13842425,0.5130140845,299.969,0.635850129,3.208278812,1
2185,6949,156.6582844,57.06813817,0.9312878287,7091,94.06243457,0.5026765046,354.903,0.6932866457,2.745109432,1
10592,5544,156.1523786,45.62461907,0.9563633115,5666,84.01690328,0.6844444444,336.438,0.6154928333,3.422546462,1
10921,5452,157.3024567,44.60791723,0.9589484196,5589,83.31687703,0.5087719298,338.954,0.5963266032,3.526334931,1
7753,6335,158.642226,51.25758576,0.9463642212,6516,89.81075947,0.7479338843,348.752,0.6545202228,3.094999962,1
8154,6696,165.0783175,52.86138066,0.9473432031,6906,92.33424062,0.4682517483,366.578,0.6261703713,3.122852931,1
17711,8587,162.6121786,67.99336306,0.9083862568,8742,104.5624597,0.777807971,380.502,0.7453108425,2.391588991,0
9404,6712,167.7599222,51.83977577,0.9510582423,6863,92.4444905,0.4994419228,365.932,0.6298846621,3.236123609,1
9684,5417,151.4431969,46.27601687,0.9521706335,5619,83.04901332,0.4451840894,332.392,0.6161232169,3.272606571,1
17185,9345,167.7942116,71.88886489,0.9035727401,9648,109.0798952,0.6625779921,397.2,0.7443388551,2.334077911,0
3734,6428,154.7964205,54.30446155,0.9364458614,6627,90.46758421,0.5432724814,345.272,0.6775837954,2.850528594,1
7925,5915,155.1933198,49.9699646,0.9467446748,6131,86.78255532,0.4578173375,347.26,0.6163893001,3.105732034,1
15956,5883,131.5545284,58.01274688,0.8975175614,6073,86.54749125,0.595324833,313.316,0.7530842512,2.267683147,0
8123,6437,162.4371057,52.0665609,0.9472371241,6665,90.530895,0.7638542779,359.329,0.6264823436,3.119797099,1
1428,5307,135.6991812,50.72722098,0.9275008163,5448,82.20147361,0.504995718,311.606,0.6868269514,2.675076193,1
3144,4981,134.9892553,47.96449577,0.9347444034,5117,79.63671372,0.4840621963,309.482,0.6535150841,2.814357852,1
13427,9639,164.3726491,75.3517303,0.8887356127,9890,110.7824714,0.6176470588,391.918,0.7885902875,2.181405105,0
6864,5863,152.3058097,50.13667831,0.9442656988,6057,86.40025145,0.4812443569,343.669,0.6238052705,3.037812134,1
2806,3749,116.6749953,41.80225515,0.9336143868,3886,69.0896161,0.4675146527,267.354,0.6591009417,2.791117246,1
15880,8793,160.206102,70.74289903,0.8972246811,8954,105.8092402,0.6834823164,377.749,0.7743553274,2.264624496,0
2827,5542,141.5270002,50.6710249,0.9337097768,5682,84.00174734,0.5701646091,318.038,0.6885228505,2.793055804,1
16917,6828,142.8042984,61.67640381,0.9019240897,6999,93.23990354,0.5704260652,341.114,0.7374019611,2.315379782,0
6106,6557,160.0532615,53.45782318,0.9425729991,6762,91.37084707,0.7980769231,356.311,0.6490177696,2.99401008,1
12565,8266,151.9385955,70.6188847,0.8854232118,8520,102.5894638,0.5692837466,366.54,0.7731477813,2.151529243,0
17929,5711,134.35497,55.03644542,0.9122496852,5871,85.27292091,0.6101495726,313.805,0.728789834,2.441199989,0
11968,6669,135.0633523,63.46720875,0.8827159524,6808,92.14789484,0.6802325581,323.48,0.8008952401,2.128080862,0
2615,5124,135.967941,48.94146233,0.9329721572,5289,80.7717737,0.5273232479,311.465,0.6637438084,2.778174876,1
7749,6748,165.0194648,53.32001045,0.9463602333,6942,92.69207327,0.4646422915,367.009,0.6295518568,3.09488808,1
8609,6041,156.8886874,49.66115018,0.948580003,6213,87.70199593,0.5243923611,346.091,0.6337793551,3.159183524,1
9001,6801,168.0084979,52.60683971,0.9497135333,7089,93.05537139,0.5592927632,384.596,0.5777941132,3.193662626,1
4788,6563,158.8635708,54.52280592,0.9392604435,6843,91.41264208,0.4667520091,356.5,0.6489230487,2.913708642,1
5690,4436,130.0943567,43.81932522,0.9415664604,4581,75.15377981,0.5548467792,290.912,0.6586855396,2.968880877,1
17826,6349,140.8173736,58.27885825,0.9103399598,6466,89.90994311,0.5865668884,326.036,0.7505576891,2.416268572,0
4074,5943,148.5074599,51.73772146,0.9373516555,6113,86.98771531,0.5303882195,334.885,0.6659232893,2.870390417,1
14788,8493,155.988285,70.07007182,0.8934307959,8684,103.9885737,0.7767514176,371.389,0.773771831,2.226175611,0
12126,8060,148.8737058,69.73946915,0.8834914997,8265,101.3030638,0.7077625571,358.818,0.7866770191,2.134712346,0
8394,5810,153.223558,48.78336152,0.9479630732,5949,86.00884696,0.5682707355,336.274,0.6456533618,3.140897905,1
6299,6484,159.0920412,52.94748144,0.9429937731,6681,90.86080127,0.5576674981,362.234,0.620975473,3.004714046,1
4755,6418,155.3009137,53.33929017,0.9391681575,6526,90.39718689,0.5282304527,343.445,0.6837466012,2.911566938,1
13848,6376,134.3409025,61.19080224,0.8902414158,6478,90.10091752,0.6077011056,319.049,0.7871244393,2.19544274,0
7557,6744,163.7255287,53.11987146,0.9459046837,6908,92.66459674,0.6038141284,361.365,0.6489858865,3.082189851,1
9213,5833,155.9452195,48.52027201,0.9503651875,5961,86.17892007,0.4453351657,339.266,0.6368265534,3.214021954,1
9287,5887,157.6803657,48.94796221,0.9505978029,6114,86.57690916,0.506539322,352.64,0.5948955964,3.221387748,1
2003,5888,144.5427451,52.93039451,0.9305393228,6042,86.58426208,0.5411764706,327.045,0.6917714553,2.730808006,1
6736,6701,162.8338456,53.74433,0.9439612627,6880,92.36870785,0.7760277939,359.403,0.651907663,3.029786502,1
14859,8328,154.816201,69.45589583,0.8937153044,8589,102.9734865,0.7675576037,369.147,0.7679835079,2.228985734,0
2716,5536,141.8148926,50.9146437,0.9333291586,5647,83.95626314,0.492001422,318.737,0.6847641008,2.785345871,1
6418,6093,154.7686779,51.39974159,0.9432417639,6283,88.07864977,0.4910541586,343.198,0.650057159,3.01107891,1
15870,8399,156.3383105,69.05024863,0.8971766137,8568,103.4115029,0.7904197252,370.272,0.7698315423,2.264123788,0
2831,4439,126.5019477,45.2907049,0.9337124699,4634,75.1791882,0.665617034,290.233,0.6622186798,2.793110596,1
3234,6141,111.8617055,72.65439959,0.7603598975,6370,88.42490624,0.7753787879,306.947,0.81907218,1.53964118,0
6845,5773,150.9260044,49.70149373,0.9442217433,5920,85.73454317,0.4602200255,334.808,0.6471720732,3.036649266,1
6413,9026,149.2670253,77.35737532,0.8552302301,9250,107.2019595,0.6428774929,385.4,0.7636278738,1.929577169,0
1457,4147,119.5781881,44.64778655,0.9276795552,4239,72.66446444,0.5252026342,269.677,0.7165658105,2.678255683,1
13424,7959,149.1220845,68.36172448,0.8887316005,8105,100.6663476,0.6767857143,352.715,0.8039342104,2.181368091,0
14120,7786,148.9287951,67.58811149,0.8910891177,8031,99.56627489,0.5517290249,360.898,0.751199539,2.203476201,0
2617,5238,137.0423133,49.32577286,0.9329789367,5350,81.66534599,0.5058425881,307.473,0.6962438749,2.778310514,1
5266,5958,151.3446722,51.41094753,0.940535842,6113,87.09742366,0.6801369863,338.448,0.6536216949,2.94382188,1
15471,8760,159.1327422,70.7418725,0.8957558725,8951,105.6105033,0.6,377.346,0.773097856,2.249484451,0
17412,9379,169.1409903,71.8506633,0.9052884163,9622,109.2781483,0.7434210526,397.952,0.7442263054,2.354063032,0
11820,8541,153.2007145,72.20582262,0.8819648515,8856,104.2820164,0.6983075791,373.506,0.7693490475,2.121722444,0
16289,9279,164.9744045,72.29293367,0.8988741029,9475,108.6940189,0.5584376505,389.539,0.7684385586,2.282026695,0
15654,8603,158.3067583,70.16852766,0.8964009806,8831,104.659829,0.5784696073,375.691,0.7659460914,2.256093488,0
2749,6106,147.9906337,53.09489691,0.9334252224,6261,88.17256183,0.5076488194,330.389,0.7029355457,2.787285452,1
16579,8561,159.384676,69.38349052,0.9002753245,8820,104.4040408,0.7789808917,376.648,0.7583383682,2.297155632,0
7150,5952,153.8759191,50.38855504,0.9448642619,6110,87.05355691,0.4503631961,344.245,0.6311571471,3.053787095,1
4418,5948,150.0148006,51.87349569,0.9383122291,6117,87.02430012,0.655643739,335.611,0.6636031673,2.89193544,1
12309,9738,163.6292469,76.38636401,0.8843492613,9916,111.349929,0.7077034884,395.174,0.7836153024,2.1421264,0
12142,9521,161.7281102,75.74838385,0.8835331153,9764,110.1022875,0.5814351145,394.361,0.7693155499,2.135070109,0
11882,5823,126.2148489,59.41148231,0.8822842237,5939,86.10501651,0.7574141519,300.604,0.8097801814,2.124418445,0
2677,5752,143.7021261,51.64192351,0.9331959876,5901,85.57846611,0.5245782034,327.816,0.6726179421,2.78266409,1
16268,8854,161.591787,70.84109662,0.8987822152,9109,106.175623,0.5492555831,383.732,0.7556024323,2.281045815,0
5904,5965,151.5332855,50.83276327,0.9420558436,6078,87.14857362,0.8060810811,334.205,0.6711111061,2.981016096,1
6025,6603,160.0698948,53.5633674,0.9423514195,6730,91.6907886,0.4709028669,355.17,0.6577768894,2.988421053,1
7677,6170,157.0088234,50.81751528,0.9461733676,6286,88.63344736,0.4663290757,345.682,0.6488457974,3.089659589,1
12528,7135,140.6893346,65.43923469,0.885240876,7294,95.31297997,0.5849319561,338.238,0.7837166008,2.149923288,0
5246,7289,166.6868896,56.65059647,0.9404751934,7454,96.33609418,0.4751629726,378.151,0.6405415522,2.942367778,1
9410,6080,160.0513265,49.44436854,0.951085362,6292,87.98463748,0.4371584699,353.216,0.6123965102,3.236998089,1
4721,5670,146.0175977,50.19545434,0.939056424,5787,84.96627695,0.5915492958,324.712,0.6757658575,2.908980497,1
17523,9454,169.9812561,71.84841099,0.9062769824,9667,109.7142044,0.5427095293,397.976,0.7500871002,2.365831808,0
292,6776,141.1236288,62.17534592,0.8977164911,6943,92.8841814,0.5793433653,337.028,0.749637485,2.269768294,1
12354,8991,158.1178904,73.75585492,0.8845416802,9523,106.9939099,0.5361359571,405.559,0.6869257153,2.143801201,0
15737,8325,155.5922751,68.86546895,0.8967181129,8553,102.9549378,0.7159442724,369.908,0.7645513481,2.259365651,0
9562,10075,162.5544341,79.51541534,0.8721930744,10403,113.2602685,0.6216833272,418.307,0.7235435135,2.044313463,0
3394,5975,147.9906695,52.29891632,0.9354748262,6131,87.22159297,0.5480645753,330.982,0.6853919856,2.829708145,1
6333,6396,126.3339628,65.65854101,0.8543354335,6619,90.24211948,0.6270588235,314.442,0.8129001791,1.924105544,0
12623,9049,158.4526255,73.5783101,0.8856490234,9212,107.3384583,0.5923671118,379.548,0.7893634942,2.153523576,0
1148,6212,145.5097561,55.16616733,0.9253460841,6345,88.93460548,0.5220168067,330.282,0.715601924,2.637662958,1
5006,6073,152.3302739,52.04000735,0.9398359235,6262,87.93397384,0.541990183,339.515,0.6620567415,2.927176256,1
17033,8704,161.6506419,69.57131911,0.9026474609,8969,105.2723943,0.7567379586,382.586,0.747258044,2.323524176,0
15975,9922,170.1579706,75.00064533,0.8976197429,10119,112.3969873,0.655609885,403.379,0.7662712241,2.26875342,0
14705,9271,163.2269581,73.41015073,0.8931581076,9544,108.6471528,0.7475407192,390.352,0.7645812216,2.223493025,0
14176,8726,157.408512,71.37452479,0.8912893598,8899,105.4053522,0.5868980361,374.173,0.783213529,2.205387881,0
1558,6148,147.0398637,54.70210453,0.9282238023,6331,88.47528876,0.6708128751,333.924,0.6928647306,2.688011091,1
13874,7644,146.5033458,66.70828886,0.8903195324,7763,98.65415896,0.8110344828,346.759,0.7988680618,2.19617904,0
4334,5195,139.8990205,48.46862375,0.9380668343,5316,81.32944999,0.5701273047,315.623,0.6553271016,2.886383183,1
17232,8704,161.612514,69.11938139,0.9039274501,8841,105.2723943,0.6239426523,377.857,0.7660794314,2.338164937,0
9403,8237,146.9372287,72.09446647,0.8713578366,8512,102.4093459,0.6891733601,371.554,0.7497820651,2.038120759,0
11765,9098,157.4378961,74.29007584,0.8816686268,9349,107.6286829,0.668135419,379.469,0.7939683508,2.119231867,0
1145,4954,130.3487514,49.42476764,0.9253256726,5075,79.42058111,0.5107216495,300.013,0.6916489449,2.637316423,1
12191,6522,134.1418962,62.74434964,0.8838628741,6648,91.12666081,0.7321508756,321.677,0.7920464264,2.137911972,0
11630,8685,153.5047923,72.68051458,0.8808078418,8838,105.1574317,0.7618421053,366.964,0.810462201,2.112048782,0
4974,6226,153.2745677,52.40589584,0.9397332047,6363,89.03476515,0.5105789733,341.66,0.6702405621,2.924758088,1
7809,5451,148.2834979,47.85552359,0.9464910931,5610,83.30923573,0.4916125541,325.417,0.6468529632,3.098565992,1
14450,8508,155.9008462,70.41123924,0.8921996757,8659,104.0803634,0.6576994434,372.15,0.7719715559,2.214147171,0
18028,10098,179.8353466,72.38644252,0.9154133462,10367,113.3894745,0.6312828207,419.695,0.7204065283,2.484378847,0
16074,9371,165.1886648,72.66812045,0.8980419397,9562,109.2315329,0.6314264537,396.026,0.7508417329,2.273193028,0
1985,6072,146.0561876,53.50812844,0.9304759264,6175,87.92673379,0.8400664084,324.032,0.7267178441,2.729607479,1
3480,6209,150.9123432,53.23943732,0.9357048443,6370,88.91312801,0.4941110934,342.794,0.6639954453,2.834596885,1
7547,6408,159.9962059,51.92008459,0.9458828747,6553,90.32673471,0.5548051948,354.683,0.6401055913,3.081586002,1
1085,5790,140.4340389,53.41357476,0.9248441223,5910,85.86068346,0.5280437756,322.051,0.7015184923,2.629182554,1
2316,5452,139.4136449,50.61816677,0.9317583591,5572,83.31687703,0.6896028333,315.804,0.6869584313,2.754221533,1
9852,6633,168.2011631,51.04544827,0.9528382644,6759,91.89884602,0.4384584876,370.534,0.6071048911,3.295125595,1
3548,6837,158.8077233,55.95982801,0.9358589917,7014,93.30133315,0.666959321,362.2,0.6549053707,2.83788798,1
3450,5891,146.8154238,51.83432457,0.9356015277,6040,86.60631708,0.5578598485,330.766,0.6766392153,2.832397742,1
6229,6484,159.9086842,53.29426519,0.9428281195,6747,90.86080127,0.7518552876,357.137,0.6388268743,3.000485768,1
15248,9030,161.6751898,72.13967239,0.8949326462,9231,107.225711,0.8113207547,382.015,0.7775651406,2.24114117,0
15425,8510,157.4936256,70.05292318,0.8956306851,8788,104.0925959,0.7971150244,375.126,0.7599501268,2.248209189,0
15029,8003,151.6198772,67.86711206,0.8942271001,8154,100.9442226,0.6404449424,358.612,0.7820113294,2.234069973,0
16850,9117,164.8579179,71.30637871,0.9016184265,9459,107.7410086,0.5642057058,392.732,0.7427954595,2.311965927,0
8360,6853,166.9071185,53.18418524,0.9478739949,7026,93.4104416,0.4991987179,363.335,0.652343178,3.138284769,1
17195,6859,143.8611687,61.61494078,0.9036392312,7031,93.45132443,0.5748889448,342.637,0.734179323,2.334842278,0
11343,7514,142.7916274,68.02497507,0.8792322904,7698,97.81166566,0.7673611111,346.189,0.7878699315,2.099105913,0
13583,9186,160.5296457,73.41024886,0.8893123587,9388,108.1479471,0.6003529181,391.415,0.7534620369,2.186747058,0
14453,8660,156.8260374,70.82838869,0.8922019513,8832,105.0059734,0.643005643,373.218,0.7812726002,2.21416921,0
11273,8725,153.7461284,73.33701271,0.8789029075,8965,105.3993123,0.6515083632,371.662,0.7937413042,2.09643293,0
3976,5452,142.7728994,49.82984684,0.9371172333,5600,83.31687703,0.5573502351,320.817,0.6656577067,2.865208473,1
14602,8664,157.5742736,70.99006845,0.8927672747,8917,105.0302214,0.564797914,376.62,0.7675762872,2.219666456,0
13776,9333,162.4574765,74.0782313,0.8899872748,9547,109.0098375,0.5708955224,389.25,0.7740586842,2.193052853,0
15094,7969,151.9836897,67.95725292,0.8944663994,8199,100.7295683,0.6453676709,362.118,0.7636836007,2.236460174,0
6307,6240,155.6349858,51.78945178,0.9430107471,6386,89.13481227,0.7464114833,345.361,0.6574275013,3.005148355,1
20,3552,88.02937756,53.17603697,0.7969301343,3654,67.24988374,0.6237050044,232.122,0.8284193098,1.65543321,1
964,4743,125.9653314,48.34375422,0.9234219852,4843,77.71084326,0.796875,284.56,0.7360635032,2.605617487,1
17076,8685,160.9609331,69.19019617,0.9028969451,8832,105.1574317,0.7803234501,375.688,0.773259101,2.326354628,0
6558,6040,154.0713528,51.03197028,0.9435525144,6200,87.69473673,0.6494623656,343.947,0.6415991074,3.01911433,1
4046,6492,155.0108914,54.03530071,0.937275183,6621,90.91683631,0.8323076923,346.718,0.6786339739,2.868696747,1
14985,8004,151.6097247,67.90278859,0.8940942561,8231,100.9505291,0.7021052632,362.895,0.7637565979,2.232746663,0
8956,6770,167.1322053,52.40358339,0.9495731133,6961,92.84304884,0.5004435245,372.184,0.6141622724,3.1893278,1
6686,4781,137.5656723,45.44592933,0.9438556822,4965,78.02152436,0.5937655241,305.872,0.6421687419,3.027018575,1
16009,6577,138.5681808,61.03424702,0.8977704445,6692,91.51008953,0.6280557678,328.013,0.7681669065,2.270334895,0
16960,8483,159.108977,68.63449349,0.9021761462,8690,103.9273355,0.5770748299,381.913,0.7308536963,2.318207201,0
3107,7093,161.5290846,57.44749456,0.9346199794,7379,95.03203718,0.8162255466,371.066,0.6473475349,2.811769004,1
2326,5491,140.0830965,50.83708113,0.9318255176,5606,83.61434291,0.5101263471,316.736,0.6878067794,2.755529889,1
9005,5441,151.1233658,47.31665701,0.9497203142,5625,83.23278418,0.8101548541,329.938,0.6280929446,3.193872419,1
4202,6712,157.7638564,54.8258993,0.9376730312,6876,92.4444905,0.5059550731,359.277,0.6534358841,2.87754252,1
2253,6251,149.4271253,54.35248006,0.9315008889,6454,89.21334202,0.5114966042,348.4,0.6471471908,2.74922368,1
9335,6223,161.7955984,50.1366559,0.9507768122,6356,89.01331185,0.8257696391,351.034,0.634616412,3.227091946,1
1705,7405,160.8305648,59.49397761,0.9290647622,7636,97.09963352,0.5636751161,368.198,0.6863917842,2.703308323,1
7474,6153,157.2879652,51.12136705,0.9457079454,6348,88.51125871,0.5893678161,347.115,0.6417265629,3.076755852,1
16275,8671,159.9431554,70.10797407,0.898813837,8915,105.072642,0.7470491945,381.966,0.7468435538,2.281383217,0
13261,9474,162.5746451,74.70791043,0.8881622998,9635,109.8301937,0.709344115,387.127,0.7943946677,2.17613696,0
6837,6589,128.4443716,66.17798559,0.8570538607,6739,91.5935334,0.5984015984,321.366,0.8017325519,1.940892737,0
18043,6754,146.9768357,58.86325609,0.9162996332,6879,92.73327281,0.7583651471,337.158,0.7466275008,2.496919903,0
2857,5352,139.8259357,50.02637164,0.9338074183,5522,82.54924617,0.7512633352,316.556,0.6711581522,2.795044516,1
13049,9304,161.7868127,74.57719014,0.8874211034,9546,108.8403451,0.7753333333,388.202,0.775825462,2.169387347,0
11585,9385,159.5033876,75.62492404,0.8804562584,9554,109.3130968,0.8077982441,383.48,0.8019710729,2.109137822,0
17954,5972,138.6965677,56.63203957,0.9128406073,6160,87.19969358,0.5148275862,324.451,0.7129046197,2.44908304,0
8974,5698,153.6352832,48.14651228,0.949627192,5891,85.17581186,0.4518636003,339.395,0.6216149188,3.190995068,1
17198,9134,166.1479934,71.15219276,0.9036622548,9461,107.8414113,0.5425279164,397.114,0.7278476348,2.335107141,0
9151,6212,160.2058534,49.93593466,0.9501810377,6468,88.93460548,0.4529017206,355.805,0.6166194471,3.208227792,1
11074,5606,160.4807605,44.89957926,0.9600636452,5751,84.48538861,0.4322615468,341.638,0.6035741284,3.57421524,1
15125,8948,160.6230403,71.79361186,0.8945491602,9189,106.7377508,0.8039532794,381.114,0.774151633,2.237288752,0
14418,9801,166.9254862,75.41943079,0.892111679,10095,111.7095375,0.7034883721,402.319,0.7609202938,2.213295492,0
9841,9711,160.1189122,78.10105168,0.8729727039,10047,111.195455,0.6106011066,396.792,0.7750826282,2.050150526,0
16626,9436,167.1478193,72.6924189,0.9004792406,9640,109.6097092,0.7373027035,394.892,0.7603982787,2.299384472,0
13189,8143,151.1273988,69.51902592,0.887917467,8398,101.8233255,0.5624395635,363.346,0.7750924951,2.173899833,0
8919,5074,144.7017654,45.40401062,0.9494968776,5234,80.37672207,0.5656633222,319.311,0.6253635541,3.18698202,1
4032,8262,133.7801054,80.76468493,0.7972023276,8421,102.5646387,0.6218107925,356.82,0.8154487604,1.656418341,0
11767,8336,150.9624489,71.2332102,0.8816732437,8516,103.0229336,0.6179392142,362.782,0.7959322619,2.119270611,0
1784,6273,148.4983491,54.77342736,0.9294894377,6384,89.3701945,0.5050724638,336.767,0.6950660805,2.711138525,1
6464,6560,160.3884306,53.21790338,0.9433475134,6715,91.39174697,0.7509157509,356.228,0.6496173241,3.013805889,1
2982,5815,145.2175033,51.80786403,0.9341958951,5970,86.04584797,0.6760841763,327.01,0.6833410581,2.803001166,1
9395,5324,149.429854,46.18678501,0.9510338548,5453,82.33302701,0.8287671233,325.91,0.6298723414,3.235337856,1
12563,9331,161.1964782,74.92301846,0.8854192962,9615,108.9981568,0.7988869863,388.35,0.7774839537,2.151494715,0
13806,9147,160.9886484,73.36357012,0.8901301057,9433,107.9181269,0.645609825,384.886,0.7759331647,2.194394959,0
9039,6394,162.9282927,50.97718582,0.9497922974,6562,90.22800923,0.4776632302,355.512,0.6357318454,3.196102141,1
7865,5588,149.6002776,48.22047817,0.9466277747,5659,84.34964479,0.862345679,324.545,0.6666784485,3.102422109,1
13813,8996,159.6839275,72.7637987,0.8901467816,9327,107.023656,0.571828121,387.801,0.7516946539,2.194551828,0
6626,6370,158.0498263,52.27160939,0.9437258842,6516,90.05851376,0.6434343434,348.546,0.6589145389,3.023626557,1
6570,5542,148.0304552,49.01211747,0.9435974871,5711,84.00174734,0.4780883368,327.924,0.6476345058,3.020282796,1
1577,6200,147.041841,54.66681636,0.9283219543,6362,88.84866447,0.7107646452,333.767,0.6993825032,2.68978241,1
10250,5287,150.995342,44.98623439,0.9545873228,5422,82.04643486,0.4765639084,328.916,0.614114249,3.3564788,1
2134,5739,141.8605116,51.75905884,0.9310628559,5890,85.48170417,0.7616456536,321.7,0.6968574814,2.74078615,1
14541,9224,161.856165,73.00301596,0.8925055739,9353,108.3714056,0.6149333333,383.019,0.7901117533,2.217116141,0
17675,8724,163.5485516,68.54984176,0.9079213283,8881,105.393272,0.5675992193,379.562,0.7609569155,2.385834123,0
929,6646,150.0766705,57.72337457,0.9230725413,6945,91.9888581,0.5381376518,358.737,0.6489598925,2.599928913,1
13553,7899,148.7323785,68.03862641,0.8892318859,8095,100.2861863,0.6291517324,362.624,0.754864305,2.185999135,0
9817,6594,167.757646,51.01652845,0.9526373978,6766,91.62827925,0.4343873518,372.263,0.5979420017,3.288299912,1
2544,7040,159.1720036,57.40660859,0.9326982492,7180,94.67632436,0.4855172414,361.331,0.6775979403,2.772712193,1
2158,6093,147.7163822,53.84905963,0.9311863262,6326,88.07864977,0.6611328125,341.045,0.6582906226,2.743156208,1
9712,7332,138.7724066,67.79147794,0.8725592256,7455,96.6198341,0.7644666875,338.051,0.806246552,2.04704796,0
5016,6949,163.2097843,55.74889406,0.9398533802,7212,94.06243457,0.716465615,370.404,0.6364742525,2.927587839,1
7077,5577,148.1462078,48.5713672,0.9447259655,5709,84.26658259,0.7447916667,325.348,0.6620857273,3.050072839,1
18184,5960,151.3979239,51.47459975,0.9404270938,6189,87.112041,0.4923992069,343.371,0.6352269239,2.941216145,0
17294,8571,160.8064631,68.61699347,0.9043906582,8805,104.4649996,0.7763586957,378.914,0.7501706275,2.343537,0
3403,7670,125.5803983,80.21152004,0.7694339099,8041,98.82179571,0.7082833133,349.367,0.7896624132,1.56561549,0
6291,5425,145.6566273,48.4850613,0.9429719031,5552,83.11031543,0.4719443236,326.297,0.6402999159,3.004154751,1
658,5337,132.2542114,52.19539207,0.9188274118,5477,82.43348501,0.5880991736,306.245,0.7151037463,2.533829255,1
3965,6064,150.3210924,52.47891944,0.9370809507,6248,87.86879195,0.6839612001,336.157,0.6743490315,2.864409062,1
14323,8622,156.9283131,70.99697914,0.8918066996,8798,104.7753375,0.806171108,374.887,0.7709338612,2.210351975,0
752,6103,142.2646686,55.60482157,0.9204523692,6257,88.1508987,0.8015497767,328.714,0.7097686806,2.558495192,1
16672,8098,155.2631207,67.43854881,0.9007441415,8259,101.5415867,0.8196356275,366.169,0.758969788,2.302290358,0
17891,8777,165.7276617,68.12356896,0.9116094982,8973,105.7129296,0.685703125,384.554,0.7458324865,2.432750724,0
5497,6538,159.6503645,53.99058418,0.941081392,6742,91.23836991,0.4625070741,361.502,0.6286853953,2.957003836,1
8349,6259,159.9789455,50.99157823,0.9478424205,6417,89.27041117,0.4499640546,353.316,0.6300691351,3.13736015,1
2875,5158,136.7809039,48.91882425,0.9338581297,5315,81.03930881,0.5158,309.745,0.6755890356,2.796079137,1
13593,9263,161.4963418,73.84311294,0.88934167,9514,108.6002666,0.639886709,385.945,0.7814670845,2.187019688,0
7512,6041,154.7418342,50.25309099,0.9457983834,6219,87.70199593,0.4672803218,345.814,0.6347950873,3.079250076,1
11211,9063,156.2644617,74.6158936,0.8786330942,9291,107.4214597,0.5903849912,379.242,0.7918610611,2.094251696,0
9538,5681,155.0501335,47.69872307,0.9515047041,5865,85.0486558,0.7900152969,344.592,0.6012073369,3.250613927,1
11200,6885,137.2712414,65.55365151,0.878605484,7154,93.62827706,0.5818965517,344.414,0.7293772536,2.09402891,0
6603,6440,159.3601371,52.72685466,0.9436777391,6682,90.55198876,0.5574792244,356.428,0.6370185864,3.022371391,1
2086,6212,148.3690268,54.20026131,0.9308870559,6337,88.93460548,0.5368593899,333.712,0.7009671464,2.73742272,1
17813,6340,140.1142914,58.11597938,0.9099237663,6468,89.84619476,0.6114969136,329.286,0.734771984,2.410942618,0
7342,6597,162.7622967,53.06994173,0.9453497816,6734,91.64912044,0.7929086538,359.04,0.6430884026,3.066939428,1
7114,7147,168.5353116,55.22773752,0.9447844747,7305,95.39309737,0.510281308,371.662,0.6501855703,3.051642512,1
10037,5305,151.9986062,45.78054747,0.9535639664,5530,82.1859829,0.4385747354,333.103,0.6008113995,3.320157024,1
4408,5764,146.8123859,50.78065878,0.938275767,5935,85.66768782,0.6949602122,330.674,0.6624204608,2.891108337,1
12896,7639,146.0739717,67.51543036,0.886775565,7802,98.62188845,0.5839767602,350.883,0.7796895599,2.163564253,0
3657,6298,152.5843269,53.61073728,0.9362436113,6484,89.54810245,0.568001443,345.181,0.6642304107,2.846152368,1
12685,9288,160.8513682,74.61866116,0.8858885112,9645,108.746719,0.5972222222,387.997,0.7753099106,2.155645326,0
3571,6420,153.9747354,54.22329606,0.9359409052,6580,90.41127074,0.7086092715,347.115,0.669573303,2.839641751,1
4190,5831,147.3446322,51.22442262,0.9376242257,5964,86.16414443,0.5359375,331.404,0.6671713886,2.876452768,1
8092,6733,164.3812956,52.72846469,0.9471573729,6923,92.58899424,0.5316225819,368.032,0.624665204,3.117505821,1
3290,5943,147.8748043,52.36360327,0.9352046588,6107,86.98771531,0.5195838433,335.845,0.6621216983,2.823999783,1
11770,9146,158.1441494,74.61941931,0.8816818779,9303,107.9122276,0.5963745436,377.487,0.806560708,2.119343073,0
10538,9376,157.8650363,76.17458278,0.875879559,9589,109.2606698,0.6056456301,382.556,0.8050770138,2.072410908,0
577,4999,126.9098,50.70687546,0.9167111808,5101,79.78047684,0.7841568627,289.183,0.7511859963,2.502812465,1
10422,5854,160.4142017,47.35611879,0.9554319254,6006,86.33391162,0.4219099099,350.514,0.5987587102,3.387401793,1
3025,5467,141.3451687,50.37583883,0.9343323383,5648,83.4314125,0.4844054581,327.082,0.6421635467,2.805812707,1
2147,6706,154.2206666,56.23710777,0.9311432843,6837,92.40316221,0.811667877,348.992,0.6918986286,2.742329268,1
3650,5685,144.7222276,50.8623362,0.9362074073,5861,85.07859197,0.5086793128,331.057,0.6518306573,2.845371221,1
17719,8614,162.5883481,67.96363969,0.9084421866,8744,104.7267179,0.8085985168,375.912,0.766023957,2.392284299,0
5643,4951,137.492403,46.34660321,0.9414742789,5075,79.39653006,0.4832129612,306.182,0.6636566939,2.966612296,1
1945,6085,147.8781212,54.24615604,0.9302879274,6301,88.02080794,0.4857120051,337.537,0.6711624866,2.726057145,1
2752,5611,142.9825181,51.28971837,0.9334478193,5781,84.52305653,0.4701692643,324.354,0.6702111003,2.787742313,1
3887,6402,154.3865854,53.98645112,0.9368678703,6558,90.28443701,0.511627907,344.38,0.6783435352,2.859728361,1
9076,6949,134.9667245,66.43227039,0.8704752355,7173,94.06243457,0.7096609477,332.429,0.7901951674,2.031644015,0
13777,9044,159.7821042,72.85242328,0.8900061201,9263,107.3087995,0.6222222222,382.522,0.776707649,2.193229779,0
12316,9605,162.4696047,75.83663238,0.8843764887,9792,110.5869153,0.7700016033,390.245,0.7925607089,2.142363125,0
7110,5019,141.3146009,46.30998536,0.9447789095,5166,79.9399104,0.5315048184,313.722,0.6408215524,3.051493102,1
8355,6996,169.0461059,53.87474257,0.9478561377,7231,94.37999711,0.7186440678,378.02,0.6152195239,3.137761738,1
10075,6435,167.234496,50.25911681,0.9537721103,6638,90.51682976,0.4506302521,363.014,0.6136371815,3.327445976,1
9927,4232,135.5308803,41.00218087,0.9531398079,4469,73.40537959,0.4637300022,298.458,0.5970202669,3.305455402,1
425,5943,136.3800864,56.49175078,0.9101754853,6121,86.98771531,0.6015182186,321.893,0.7207630748,2.414159316,1
11903,6384,133.1612797,62.64756548,0.88241928,6616,90.15742484,0.5773195876,328.098,0.7452390032,2.125561922,0
8243,6286,160.2587816,51.20594413,0.9475794095,6460,89.46275079,0.4578962704,352.87,0.6343877173,3.129690982,1
15768,7385,147.1885813,65.11557694,0.8968200242,7550,96.96841773,0.7489858012,353.004,0.7447338783,2.260420443,0
17759,7526,152.8064044,63.64375444,0.9091360547,7786,97.88973804,0.535963538,361.429,0.7239825285,2.400964647,0
5569,7123,165.6927999,55.94529407,0.9412736389,7300,95.23279518,0.4735407526,371.715,0.647817439,2.961693251,1
8095,7533,139.7733714,69.82872248,0.8662646954,7654,97.93525152,0.6923713235,341.931,0.809656634,2.001660155,0
9098,5902,156.93066,49.01653171,0.9499686851,6029,86.68713741,0.7984307359,342.541,0.6320973166,3.201586375,1
9805,5909,125.269127,61.14136154,0.8727988694,6008,86.73852933,0.5972306448,303.205,0.8077019595,2.048844249,0
11087,8832,154.1168754,73.73592061,0.8781193878,9097,106.0436309,0.7122580645,374.763,0.7902336349,2.090119363,0
16255,8112,154.4801347,67.74912663,0.898700905,8325,101.6293225,0.5735294118,365.933,0.7612628802,2.280178984,0
1528,6075,146.2100892,54.45100977,0.9280658133,6221,87.94845214,0.4802371542,334.328,0.6829841823,2.685167635,1
3430,6581,117.0142185,74.56970482,0.7706402281,6827,91.5379126,0.6066556047,315.559,0.830501866,1.569192459,0
8665,6280,159.6552481,50.44646258,0.9487687768,6422,89.4200444,0.6911732335,351.49,0.6387686014,3.164845263,1
6699,6841,164.2856487,54.26178138,0.9438797703,7071,93.32862222,0.6829390037,367.021,0.6381865192,3.02764938,1
13111,9027,159.0626048,73.25150564,0.8876493448,9292,107.2078979,0.7016712009,383.232,0.7723777868,2.171458504,0
4246,5230,140.3843413,48.73370271,0.937811519,5355,81.6029584,0.8179543322,313.19,0.670032362,2.880641804,1
17025,8011,154.9178097,66.70310079,0.9025567571,8239,100.9946632,0.793325411,363.432,0.7621672224,2.322497872,0
17337,5659,131.4977763,56.01515059,0.9047335535,5773,84.88381815,0.7833610188,310.436,0.7379134056,2.347539459,0
7947,7012,168.012706,54.06730559,0.9468060156,7216,94.48786,0.5183323477,373.837,0.6305030702,3.107473254,1
4813,6019,151.5362198,51.98035975,0.9393271225,6208,87.54215453,0.4919091206,339.279,0.6570830261,2.915259158,1
3044,6005,147.5106617,52.55020461,0.9343918884,6149,87.44028514,0.4982988964,330.836,0.6894413913,2.807042576,1
4709,4555,131.0683522,45.06672444,0.939027741,4660,76.15514511,0.7726887193,293.723,0.6634715956,2.908317697,1
1769,6401,150.1240935,55.39337475,0.9294357833,6556,90.27738546,0.7507623739,339.126,0.6994159248,2.710145286,1
10882,7339,140.2339182,67.31818457,0.8772454516,7473,96.6659455,0.7280753968,339.838,0.7985513962,2.083150624,0
10802,6650,173.3899498,49.85543909,0.9577705467,6873,92.01653641,0.7380688124,381.403,0.5744646375,3.477854231,1
8391,6767,166.2261568,52.92790978,0.9479534207,6972,92.82247572,0.4603401361,368.903,0.6248584777,3.140614421,1
11293,9347,158.9761346,75.80810795,0.8789835315,9904,109.0915672,0.7397119342,409.042,0.7020148521,2.097086167,0
745,5785,138.5877164,54.21416447,0.9203098296,5946,85.82360262,0.5211711712,316.959,0.7236141509,2.556300881,1
6276,6208,155.1851945,51.67078692,0.9429402132,6357,88.90596771,0.5143330572,344.793,0.6562127917,3.003344902,1
11433,9684,161.9987134,77.05315092,0.8796397579,10118,111.0407662,0.5730516599,411.314,0.7193125886,2.102428148,0
5490,6521,158.055036,53.45703294,0.9410678468,6664,91.11967445,0.5053080201,354.52,0.6519924744,2.956674309,1
1494,4481,125.6535193,46.85924872,0.9278617776,4865,75.53400823,0.519596475,300.49,0.6236267857,2.681509472,1
17163,8001,155.4302067,66.62555703,0.9034694113,8237,100.9316085,0.7770979021,368.245,0.7414475201,2.332891665,0
10447,5307,153.9984972,45.41127329,0.9555338996,5465,82.20147361,0.4156484962,338.696,0.5813515254,3.391195313,1
10426,6782,135.1804149,65.30560763,0.8755653906,6957,92.92529576,0.5897391304,331.117,0.7773286813,2.069966422,0
6909,7731,139.5111123,71.61592509,0.8581883616,7887,99.21398551,0.7287895928,344.395,0.8190904492,1.948045942,0
730,6204,143.4375722,56.19447999,0.9200633577,6376,88.8773207,0.6070450098,335.365,0.6931802514,2.552520679,1
8942,6401,163.998007,51.4345776,0.9495455081,6619,90.27738546,0.5169601034,361.266,0.6163160961,3.188477765,1
10629,6464,168.7861854,49.21673759,0.9565427227,6572,90.72056226,0.4249835634,362.449,0.6183258455,3.429446844,1
17723,9876,174.1943109,72.80111738,0.9084789969,10073,112.1361393,0.6144848183,411.169,0.734091538,2.39274227,0
2451,6905,157.2702554,56.88356644,0.9322972167,7079,93.76416723,0.7327037351,353.384,0.6948319537,2.764774876,1
4707,6670,159.2410546,54.75511761,0.9390244021,6917,92.15480326,0.5969214247,363.326,0.6349547009,2.908240572,1
13628,8023,150.1119714,68.59795142,0.8894777133,8171,101.0702769,0.576199368,357.624,0.7883032977,2.188286505,0
18079,8220,163.4321902,64.70309529,0.9182928613,8429,102.3036121,0.6505223172,376.268,0.7296038409,2.525879008,0
15216,8778,159.3493077,71.1258814,0.8948574728,9005,105.7189516,0.7987261146,379.228,0.7670163988,2.240384296,0
13718,8478,154.7991006,70.64848786,0.8897807492,8705,103.8967028,0.641107078,377.246,0.7486071816,2.19111697,0
18161,6777,152.9795946,56.84444698,0.9284001823,6950,92.89103506,0.5084783914,353.002,0.6834283932,2.691196813,0
14106,9146,161.3849728,73.25495084,0.8910453335,9362,107.9122276,0.5676162105,384.387,0.7778640103,2.203058919,0
11263,5587,163.1759385,44.33815022,0.9623763786,5800,84.34209706,0.5320952381,345.892,0.5868235041,3.680260401,1
17521,7082,147.253843,62.24868442,0.9062554609,7234,94.95831957,0.7823685373,344.833,0.7484247578,2.365573577,0
5850,5775,149.3503349,50.15482533,0.9419261893,5951,85.74939283,0.5628654971,335.067,0.6463958181,2.977785964,1
11617,8475,151.5211266,71.76038868,0.8807401124,8635,103.8783189,0.6487293325,362.549,0.8102446046,2.111486983,0
11651,9007,156.9923241,74.27703411,0.8809951694,9221,107.0890684,0.5876557709,379.565,0.7856293666,2.11360518,0
4992,5440,143.2608598,48.96170407,0.9397850494,5609,83.22513517,0.7492080981,315.639,0.6861632374,2.925977814,1
837,6568,148.583394,57.58053961,0.9218570447,6715,91.44745666,0.634589372,340.573,0.7115781079,2.580444627,1
3070,6338,151.7913479,54.03454491,0.934493923,6459,89.83202232,0.828496732,341.631,0.6824134131,2.809153813,1
1711,6517,150.8033652,55.77594481,0.9290879947,6650,91.09172363,0.7703309693,345.452,0.6862496915,2.70373484,1
13074,8353,152.7383452,70.37778023,0.8875177699,8522,103.1279299,0.5764665286,369.268,0.7697842073,2.17026375,0
2203,6678,154.2430556,56.16069601,0.9313578343,6859,92.21005195,0.4953271028,351.454,0.6793902308,2.746459117,1
11722,8001,148.0278147,69.91487417,0.8814330244,8266,100.9316085,0.6884357253,359.795,0.7766831565,2.117257829,0
6881,6193,156.5639314,51.51973062,0.9443072273,6370,88.7984938,0.5859035005,353.178,0.6239124591,3.038912074,1
9234,5600,152.9609717,47.5519899,0.950450276,5747,84.44016491,0.7102993404,332.782,0.6354453939,3.216710217,1
6917,5319,144.3167583,47.46495371,0.9443667532,5428,82.29435666,0.485842163,318.679,0.6581622408,3.040490868,1
2535,6712,155.0612029,55.9432318,0.9326503222,6867,92.4444905,0.8071188071,353.086,0.6765514294,2.771759834,1
13802,9223,161.786796,73.732052,0.8901150399,9645,108.3655311,0.7116512346,394.561,0.7444812449,2.194253267,0
12734,8679,155.7652178,72.20853998,0.8860587617,8956,105.1211016,0.7886415266,374.688,0.776855033,2.157157835,0
7019,6747,163.0459641,53.51063966,0.9446104859,6916,92.68520491,0.5727504244,362.407,0.6455463337,3.046982154,1
13459,8415,153.9483112,70.54818104,0.8888187649,8585,103.5099549,0.5700447094,371.701,0.7653789704,2.182172651,0
11599,8925,156.1399873,73.99933125,0.8805628423,9186,106.6004828,0.6136551155,380.654,0.7740291083,2.110018897,0
16095,8620,158.7696491,69.82095182,0.8981140607,8782,104.7631847,0.5868736383,375.421,0.7685639425,2.273954236,0
7792,5427,147.5421444,47.63402005,0.9464500557,5623,83.12563389,0.491175672,327.235,0.6368691163,3.097411141,1
14998,9103,162.2180026,72.64471992,0.8941229474,9336,107.6582536,0.7951607268,385.042,0.7715750892,2.233032253,0
9239,6890,168.9179272,52.50650659,0.9504621406,7027,93.66226809,0.437515875,370.998,0.6290511333,3.217085619,1
12620,8284,151.640188,70.41631007,0.8856442133,8479,102.7011022,0.6206173209,363.07,0.7897128846,2.153481031,0
5225,5776,148.1616196,50.37688237,0.9404207218,5901,85.7568167,0.4982746722,328.131,0.674128246,2.941063691,1
16358,8302,156.8801369,68.64476672,0.8991883041,8614,102.8126194,0.6218726592,374.284,0.7447149439,2.28539107,0
7094,5371,146.416828,47.99410105,0.9447503048,5523,82.69564435,0.6440047962,326.787,0.63202677,3.050725503,1
7232,5637,150.3696232,49.1687669,0.9450291704,5836,84.71865977,0.4601632653,338.13,0.6195701556,3.058234581,1
9265,7047,170.8923387,53.07545391,0.9505477961,7218,94.72338186,0.54375,376.02,0.6263141814,3.219799853,1
14049,7980,150.3754506,68.30691716,0.8908780904,8237,100.7990653,0.6132329209,362.492,0.763160533,2.201467389,0
16962,8874,162.567678,70.12465363,0.9021814761,9036,106.2954737,0.6614490161,381.007,0.7681806774,2.318267109,0
7406,5695,151.5115474,49.33009595,0.9455123005,5885,85.15338635,0.5455503401,337.15,0.6295891926,3.071381567,1
10307,6416,167.6595999,49.78833934,0.9548896514,6546,90.38310085,0.8639913816,356.558,0.6341819094,3.36744712,1
16694,8552,159.1525883,69.09291167,0.9008502379,8742,104.3491475,0.6811628833,377.352,0.7547171935,2.303457539,0
16600,6877,142.6499246,62.06586525,0.9003859193,7025,93.57386574,0.6482843137,335.786,0.7664498054,2.298363586,0
8261,6322,159.4732155,50.93685865,0.9476176334,6445,89.71856219,0.7843672457,349.868,0.6490167581,3.130801932,1
12553,7441,143.3170332,66.62530622,0.8853733912,7582,97.33537616,0.8118930715,343.857,0.7908341756,2.151090049,0
13686,9022,160.0207292,73.06522152,0.8896728776,9245,107.1782029,0.6017073496,382.184,0.7761893575,2.190108041,0
11901,10144,166.2241986,78.20505817,0.8824109878,10399,113.6474458,0.6204281346,403.974,0.7811101396,2.125491656,0
13631,9148,160.5583713,73.3691428,0.8894859986,9376,107.9240258,0.7881450849,382.925,0.7839864884,2.188363735,0
2044,6573,151.81122,55.52900793,0.9307026387,6712,91.48225799,0.5371853547,347.458,0.6841776222,2.733908379,1
7727,6252,158.3990099,51.20235014,0.9463138841,6414,89.22047766,0.5383621803,349.755,0.6422453519,3.093588663,1
5029,6681,159.8939581,54.59854301,0.9398936896,6896,92.23076167,0.8030048077,359.941,0.64802043,2.928538919,1
6293,5990,152.2096579,50.66234311,0.942981274,6121,87.33100751,0.7395061728,341.492,0.6454693404,3.00439436,1
10337,6573,170.1481269,50.43645847,0.955055587,6744,91.48225799,0.4804824561,369.199,0.6059718701,3.373514559,1
8255,6074,157.4270931,50.28798188,0.9476076362,6256,87.94121329,0.7089169001,350.787,0.6202941297,3.130511251,1
5027,5069,139.4399232,47.6155947,0.9398899538,5230,80.33711006,0.4965713166,312.606,0.6518347906,2.928450734,1
12275,8649,154.2425269,72.03985163,0.8842278958,8823,104.9392625,0.7639109698,370.586,0.7914030945,2.141072246,0
5764,6071,152.2915433,51.22526776,0.9417323459,6205,87.91949315,0.4968085106,337.808,0.6685443705,2.972977009,1
7046,7158,134.6337261,68.79639281,0.8595870753,7354,95.46647925,0.6882692308,342.642,0.7661615717,1.956988158,0
7905,6171,157.0842507,50.59023978,0.9467199395,6406,88.64062968,0.5066502463,345.952,0.6479384,3.10503076,1
7093,6646,129.774396,66.11513138,0.8604931187,6792,91.9888581,0.6268628561,326.054,0.7855812984,1.962854694,0
16946,9286,166.6384661,71.92885569,0.9020430055,9557,108.7350101,0.5481700118,394.12,0.751245001,2.31671232,0
2713,7155,161.0498317,57.82341248,0.9333219796,7320,95.44647161,0.5556849953,363.608,0.6800684735,2.785201094,1
11120,5674,162.4614632,45.11411771,0.9606703913,5855,84.99624213,0.4196745562,355.15,0.565295538,3.601122475,1
7345,5117,142.6850557,46.51870818,0.9453615998,5287,80.71658287,0.4574059176,323.252,0.6153792382,3.067261782,1
1120,6074,143.4191265,54.44312969,0.9251471951,6215,87.94121329,0.5361935028,327.03,0.7136897556,2.634292468,1
7898,7217,170.5354805,54.92692067,0.9467107537,7399,95.8591143,0.4620358515,383.146,0.6177858793,3.104770455,1
4573,6427,155.1564138,53.47478894,0.9387309497,6541,90.46054695,0.4750184775,347.246,0.6697977133,2.901487166,1
10509,6907,135.9510988,65.65096705,0.875674769,7081,93.77774542,0.5934358622,330.778,0.7932792346,2.070816394,0
8814,5947,155.724735,49.02733376,0.9491469786,6072,87.01698439,0.5506481481,340.79,0.6434786136,3.176283984,1
13618,8690,156.7796838,71.65467859,0.8894458401,8978,105.1876972,0.6798623064,377.294,0.7671315472,2.187989492,0
15743,8127,154.2031118,68.24171112,0.896746634,8371,101.7232411,0.5683216783,367.548,0.7559829416,2.259660686,0
13260,6988,140.1301586,64.3944434,0.8881606545,7170,94.32601941,0.6539397342,338.631,0.7657893709,2.176121901,0
1571,6219,147.4814334,54.83829522,0.9283000972,6412,88.98469941,0.5862556561,337.572,0.6858001682,2.689387642,1
5097,6533,157.1474125,53.57136103,0.9401000067,6659,91.20347551,0.4778029694,357.005,0.6441305908,2.933422065,1
5621,6238,154.5868181,52.13437326,0.9414151972,6450,89.1205267,0.5274818197,349.846,0.6404738595,2.965161149,1
14201,8677,157.0889316,71.20304228,0.8913753995,8894,105.1089888,0.5889100041,374.054,0.7793110871,2.20621095,0
10667,4747,147.928786,43.00794733,0.9568038795,5192,77.743605,0.4883744856,318.932,0.5864525826,3.439568618,1
14816,9699,166.7613296,74.86863477,0.8935534577,9949,111.126731,0.7087321885,399.846,0.762344571,2.227385742,0
12883,8805,156.7510615,72.46552767,0.8867252048,9036,105.8814157,0.6133751306,375.361,0.7853096415,2.163112124,0
2610,5106,135.4759813,48.77365284,0.9329457532,5295,80.62977809,0.4921920185,309.466,0.6699845556,2.777646812,1
10437,9056,155.170802,74.95726626,0.8755856216,9290,107.379967,0.5965744401,376.784,0.8016067641,2.070123548,0
12009,8046,148.1464882,69.57668283,0.8828538254,8238,101.2150452,0.5986607143,358.78,0.7854769429,2.129254834,0
4731,5736,147.5418181,50.70409252,0.9390944595,5872,85.45935893,0.7857534247,328.499,0.6679606874,2.909860147,1
11519,9011,156.3094449,74.22476481,0.8800625177,9244,107.1128449,0.7649405772,377.591,0.7942177434,2.105893434,0
5752,5336,143.1008588,48.14340295,0.9417085241,5501,82.42576181,0.8226950355,316.357,0.6699938063,2.9723877,1
16567,8616,159.1739481,69.31388819,0.9002080783,8803,104.7388749,0.6176344086,379.967,0.7499352962,2.296422149,0
10985,6939,136.8964172,65.61492811,0.8776492361,7085,93.99472964,0.7907692308,331.675,0.7926496567,2.086360851,0
16919,6815,143.0772394,61.79017297,0.9019378534,6971,93.15110036,0.5869939707,344.157,0.7230403089,2.315533886,0
7607,6159,157.8461789,51.15891533,0.9460207248,6434,88.55440337,0.4869159617,347.887,0.6395045928,3.085409022,1
12959,9454,162.5411772,75.03848167,0.8870578474,9786,109.7142044,0.6038965187,393.886,0.7657453572,2.166104292,0
7108,6808,164.1637666,53.79874638,0.9447770144,7032,93.10324817,0.5818803419,363.78,0.6464750581,3.051442229,1
17754,6957,147.3923946,61.43998821,0.9089769434,7118,94.11656343,0.7861016949,346.247,0.7292221116,2.398965216,0
2975,6996,159.3246741,56.84601074,0.9341832724,7162,94.37999711,0.4832159138,360.66,0.6758708379,2.802741511,1
14161,7097,142.0338036,64.41872356,0.8912333699,7207,95.05882941,0.719047619,337.341,0.7836938041,2.204852809,0
18138,6389,147.4728117,56.23316884,0.9244463616,6605,90.19272394,0.5219771242,341.065,0.6901896512,2.622523588,0
17181,8889,163.4614212,70.04055151,0.9035495199,9116,106.385273,0.694453125,385.548,0.7514599876,2.333811166,0
2960,4775,131.2670313,46.84657997,0.9341502318,4928,77.97255175,0.5210606722,297.066,0.6799505713,2.802062208,1
3972,6691,158.4468458,55.30331111,0.9371101207,6934,92.29976053,0.575718465,357.95,0.6562301206,2.865051706,1
10018,6322,164.4140441,49.55241939,0.9535015865,6450,89.71856219,0.5896837982,355.063,0.6301638984,3.317982172,1
16181,8645,159.4674218,70.02693763,0.8984235055,9073,104.9149935,0.693597561,397.745,0.6866974012,2.277229695,0
8900,5907,156.1280446,49.02406521,0.9494232809,6109,86.72384903,0.6351612903,345.279,0.6226392646,3.184722522,1
18109,7746,159.9955503,62.66261666,0.9201133181,7949,99.31018837,0.5371705964,370.465,0.7092396207,2.553285497,0
9993,8345,148.5411717,72.30556142,0.8735295177,8478,103.0785332,0.5993679523,359.957,0.8093473663,2.054353341,0
10863,6190,166.2299568,47.55764303,0.958201108,6331,88.7769834,0.4344469399,362.949,0.5904855913,3.495336316,1
17630,8805,164.2996134,69.06194305,0.9073659891,9029,105.8814157,0.7055288462,385.961,0.7427666202,2.379018113,0
17977,8925,168.3172408,68.46548716,0.913533031,9102,106.6004828,0.5296421577,392.574,0.7277379493,2.458424642,0
15164,9443,164.7358578,73.58747072,0.8946839165,9621,109.6503581,0.6110787549,393.588,0.766013028,2.238640032,0
15994,8937,161.8256021,71.29718802,0.8977131579,9227,106.6721229,0.5511903293,385.428,0.7559883432,2.269733304,0
11803,8427,151.2157076,71.28997792,0.8818951521,8571,103.5837325,0.6906810917,360.696,0.8139546445,2.121135565,0
5966,5966,151.8161538,50.85964577,0.942215237,6130,87.15587831,0.6764172336,338.647,0.6537303498,2.985002185,1
7139,6867,164.6319447,53.92309883,0.9448382572,7011,93.50580706,0.5681310499,364.773,0.6485321964,3.053087606,1
14811,8466,155.51117,69.82581595,0.8935275539,8619,103.8231476,0.68,369.545,0.7790287167,2.227130007,0
6934,6283,157.1329499,51.66446873,0.9444014491,6478,89.44140014,0.5003185221,352.973,0.6337149482,3.041412284,1
10219,9429,158.0855504,76.64313145,0.8746136207,9666,109.5690452,0.6236111111,390.197,0.7782294253,2.062618625,0
2113,6227,148.8120222,54.32536906,0.930983856,6359,89.0419151,0.4920973605,336.048,0.6929247913,2.739273101,1
15233,8691,158.3704261,70.67565987,0.8948993436,8889,105.1937493,0.607422421,376.336,0.7711308622,2.240805765,0
9629,5814,156.976357,48.08897856,0.9519204382,6005,86.03844904,0.4601503759,344.497,0.6156218178,3.264289693,1
968,5863,140.4059882,53.87365085,0.9234581762,6016,86.40025145,0.5086760368,324.501,0.6996771311,2.606208898,1
6650,5876,151.8630787,50.20397494,0.9437754864,6074,86.49598583,0.6903195489,342.393,0.6298569077,3.024921411,1
5113,5663,146.7837468,50.02166859,0.9401413328,5792,84.91381243,0.4938949939,331.249,0.64855569,2.934403248,1
324,5267,126.3149145,54.41165575,0.9024656026,5382,81.89110258,0.8511635423,296.211,0.7543463925,2.321467942,1
10425,8409,149.8320146,72.38621039,0.875556477,8695,103.4730464,0.6255765511,366.709,0.785798289,2.069897205,0
11632,6694,135.0344227,63.93437478,0.8808114311,6805,92.32045013,0.5962412042,326.337,0.789883312,2.112078567,0
6114,6266,156.1414878,52.14589585,0.9425852398,6413,89.32031677,0.7427690849,344.518,0.6634014552,2.994319787,1
6542,6453,159.0490726,52.70024329,0.9435093832,6635,90.64333832,0.7954881657,352.896,0.6511455211,3.017995035,1
4292,6925,161.4770974,55.98638518,0.9379708623,7154,93.89986074,0.5207158433,361.432,0.6661567608,2.884220813,1
6330,6670,161.103947,53.59137076,0.9430500453,6787,92.15480326,0.4633231453,360.166,0.6461454235,3.006154624,1
8171,4094,128.7183635,41.20777077,0.9473705757,4212,72.19863362,0.4621810793,282.455,0.6448506892,3.12364297,1
16904,7998,154.2314634,66.62824592,0.9018728173,8108,100.9126844,0.5554552399,361.314,0.7698776011,2.314805999,0
908,6070,142.6631571,54.97102765,0.9227828421,6225,87.91225191,0.7687436677,327.374,0.7117216639,2.59524268,1
17459,9403,168.8645529,71.60769969,0.9056368765,9669,109.4178753,0.6225091029,416.711,0.6804659066,2.358189883,0
9490,6585,165.8458302,51.11262501,0.9513236563,6724,91.56572722,0.8019729631,360.71,0.6359885228,3.244713613,1
15453,9621,166.6106563,74.08242733,0.8957073855,9865,110.6789847,0.6028195489,409.062,0.7225232119,2.248990244,0
1706,6492,150.4864117,55.66597162,0.9290688017,6658,90.91683631,0.5216972035,344.514,0.6873447584,2.703382468,1
18092,8042,161.8260544,63.83672089,0.9189056439,8249,101.189883,0.682624565,368.725,0.7433079267,2.534999482,0
12304,9387,160.9585373,75.14609685,0.8843279784,9663,109.3247438,0.7112980223,389.401,0.7779336489,2.141941418,0
11824,9528,161.3682856,76.04663013,0.8819936365,9786,110.1427546,0.6786324786,394.851,0.7679715436,2.121964975,0
14723,7828,150.0136782,67.44801003,0.893223762,8123,99.83445876,0.5770308123,364.339,0.7410531489,2.224137942,0
17461,7205,147.8561869,62.6962257,0.905645715,7374,95.77938672,0.7747311828,353.253,0.7255579943,2.358294861,0
13571,8691,156.8885362,71.75584981,0.8892773465,8899,105.1937493,0.5763262599,375.728,0.7736285568,2.186421548,0
6818,6410,159.1630486,52.43798057,0.944169265,6563,90.34082954,0.473237357,353.099,0.6460630723,3.03526274,1
11367,7585,144.2174197,68.66783474,0.8793689177,7757,98.27269177,0.6345156433,349.424,0.7806565128,2.100217959,0
7279,6320,158.5689831,51.78559254,0.9451692713,6600,89.70436959,0.4872032069,360.533,0.6109939327,3.062028941,1
3106,6135,149.6249479,53.21504764,0.9346168375,6318,88.38169837,0.5185091278,336.581,0.6805268084,2.811703729,1
12564,9667,163.7332373,76.10161646,0.8854208039,9889,110.9432588,0.7412775094,392.775,0.7874335378,2.151508009,0
10925,7914,145.9131703,70.01521793,0.8773551052,8150,100.3813616,0.7797044335,354.426,0.7916892779,2.084020797,0
73,3764,96.23547918,51.91358009,0.8420219565,3864,69.22769422,0.5576296296,245.108,0.7873077132,1.8537631,1
7043,5995,154.5795783,50.71157629,0.9446564392,6179,87.36744858,0.4625771605,346.417,0.6277701461,3.048210874,1
6550,5580,147.5070436,48.86361986,0.9435384737,5668,84.28924403,0.487804878,324.609,0.6654615227,3.018749819,1
14195,9179,161.7587365,73.32661016,0.891353692,9484,108.1067333,0.7595994704,387.275,0.7690707756,2.206003198,0
5761,6352,156.1740811,52.53603217,0.9417213181,6603,89.93118251,0.5305713331,357.356,0.6250549471,2.972704155,1
2700,6623,153.9397056,55.28267987,0.9332917616,6815,91.82954592,0.5851223606,350.267,0.6783692816,2.784591954,1
14977,8884,159.8647288,71.60726641,0.8940715807,9127,106.3553483,0.6270468662,380.743,0.7701131848,2.232521038,0
6919,6635,129.6252126,66.49250976,0.8584126917,6777,91.91269977,0.7915771892,319.22,0.818220968,1.949470896,0
13106,6898,139.7164574,64.34574756,0.8876362396,7055,93.71662808,0.582404593,334.82,0.773232803,2.171339407,0
6776,6983,166.3257136,54.83963179,0.9440814617,7189,94.29226766,0.4740987168,370.739,0.6384330449,3.032947309,1
17506,8303,159.799566,67.61377114,0.9060754689,8521,102.8188112,0.578807947,379.404,0.7248382303,2.363417441,0
7246,6010,154.9340629,50.64091267,0.9450746341,6201,87.47668069,0.5758359682,344.378,0.6368153702,3.059464269,1
17298,10001,174.0735846,74.25201011,0.904461484,10330,112.8435585,0.7178438128,410.92,0.7442840847,2.344361915,0
11652,9468,160.5727967,75.96702709,0.8810086108,9733,109.7954098,0.6554970922,388.658,0.787649298,2.113717002,0
5158,6383,156.0207739,53.11294805,0.9402726569,6571,90.15036336,0.4974670719,359.548,0.6204702369,2.937528035,1
9967,8985,153.6481526,74.83350088,0.8733771071,9153,106.9582036,0.6016472479,370.682,0.8217220677,2.053200115,0
2299,5911,145.306033,52.78787266,0.9316770666,6064,86.75320714,0.5555451128,327.127,0.6941255677,2.75264044,1
17527,6647,142.206445,60.0907675,0.906334913,6775,91.99577846,0.7933874433,332.163,0.7570647656,2.366527353,0
3121,5745,105.8273305,70.70048976,0.7440948245,5853,85.52637713,0.7457165109,285.238,0.8873299322,1.496840132,0
7576,6526,128.9511477,65.09171296,0.8632491461,6752,91.15460092,0.6333462733,334.488,0.7329862873,1.981068585,0
5386,5890,149.7286282,50.73507855,0.9408415338,5993,86.59896604,0.4790175667,330.764,0.6765325368,2.951185501,1
15397,7062,143.7706994,63.97877534,0.8955277552,7161,94.82414073,0.5551886792,339.646,0.769280225,2.247162416,0
5925,6512,158.7968622,53.24535166,0.9421096988,6669,91.05677303,0.6776274714,355.782,0.6464818129,2.982361038,1
2999,5876,146.7635701,52.33526122,0.9342587924,6024,86.49598583,0.8161111111,330.5,0.676003156,2.804296122,1
2929,5852,145.9010422,52.10571005,0.9340545039,6007,86.31916251,0.7034499339,328.259,0.682465807,2.800096995,1
15592,8343,155.6108827,69.04662657,0.8961687677,8618,103.0661803,0.5993534483,374.153,0.7489169225,2.253707248,0
1209,5756,140.2247161,52.97125403,0.9259036502,5901,85.60821701,0.6416945373,321.214,0.7010382557,2.647185132,1
1262,6678,151.7030995,57.16418053,0.9262880632,6867,92.21005195,0.5115673357,354.256,0.6686854132,2.653813947,1
1768,6366,149.5334203,55.17902963,0.9294262153,6490,90.03023349,0.5033206831,339.232,0.6951569557,2.709968286,1
17278,9158,165.9394552,70.84902106,0.9042719024,9424,107.9829975,0.548448916,393.401,0.7436003477,2.342155936,0
9133,6841,168.058385,52.41904784,0.9501117364,7008,93.32862222,0.5814210437,371.298,0.6235685951,3.20605566,1
10297,4545,140.1354431,41.6324368,0.9548503738,4662,76.07150407,0.5687648605,303.722,0.6191434025,3.366015872,1
10807,9707,161.4895215,77.6271443,0.8768880667,10019,111.1725517,0.7320512821,391.634,0.79530574,2.080322843,0
8730,6903,134.4826882,66.43832259,0.8694455323,7102,93.75058708,0.6920300752,329.815,0.797456368,2.024173443,0
14466,8212,153.4914014,69.3109071,0.8922396681,8475,102.2538172,0.6595983936,367.32,0.7648383456,2.214534592,0
8201,9492,156.9385431,78.23559159,0.8668833676,9710,109.9344794,0.6009496676,387.107,0.7959862106,2.00597375,0
15613,7652,148.6545523,65.94406425,0.8962218696,7766,98.70576982,0.5783824641,351.66,0.7775688997,2.254252205,0
15429,8227,154.2443758,68.60494939,0.8956394184,8400,102.3471628,0.7036435169,364.07,0.7799766002,2.248298077,0
13900,9249,161.8077263,73.66156257,0.8903680939,9433,108.5181669,0.5909526548,385.577,0.7817761256,2.19663717,0
16677,6996,144.0042564,62.54049324,0.900770148,7147,94.37999711,0.5831457864,338.186,0.7686850149,2.302576282,0
9061,8303,147.2171167,72.47682608,0.8704185239,8461,102.8188112,0.6129937246,357.368,0.8169840515,2.031230182,0
3080,6474,153.5336888,54.63468854,0.934543766,6641,90.79070885,0.6334637965,346.272,0.6784968072,2.810186951,1
14588,8671,157.1197912,70.8048797,0.8927044294,8840,105.072642,0.7658540894,372.645,0.784672538,2.219053148,0
13349,9079,159.2824537,73.09660934,0.8884817904,9305,107.5162398,0.6055088702,400.427,0.7115430373,2.179067609,0
7979,6697,164.4808749,52.89465691,0.9468805603,6890,92.3411351,0.7292029617,368.204,0.6207448979,3.109593378,1
9699,6356,164.579178,50.27798158,0.9521939424,6490,89.95949392,0.4394358407,358.006,0.6231794765,3.273384747,1
7069,6157,156.0434831,51.16821813,0.9447089677,6269,88.54002415,0.8266648765,344.195,0.653085292,3.049617297,1
7900,5845,154.7984828,49.85719939,0.946713106,6078,86.26752077,0.575862069,341.64,0.6292988718,3.104837109,1
6888,6821,164.230684,54.0345422,0.9443243054,7090,93.19209695,0.4659153005,378.065,0.5996874583,3.039364771,1
8409,5556,149.4387657,47.5563969,0.9480124177,5676,84.10778151,0.7928082192,325.496,0.6589929815,3.142348358,1
11479,9398,159.0235725,75.56943584,0.8798729388,9574,109.3887802,0.6200026389,384.119,0.8004122479,2.104337166,0
9827,6570,167.2393116,50.83184317,0.9526890262,6719,91.46137878,0.5402960526,364.062,0.6229088948,3.290050118,1
10243,6460,167.6841284,49.97447339,0.9545572997,6668,90.69248844,0.7250280584,368.625,0.5974104442,3.355395605,1
14589,8988,160.0644103,72.13112495,0.8927067182,9185,106.9760582,0.7682051282,380.527,0.7800132379,2.219075474,0
16333,9207,164.9768032,72.2330338,0.8990541192,9505,108.2714943,0.639375,392.304,0.7517657482,2.283952294,0
7049,6919,165.8227407,54.39679302,0.9446632028,7112,93.85917329,0.4919303235,371.623,0.6295757982,3.048391853,1
7856,5071,142.7119705,46.01442364,0.9465937805,5246,80.3529572,0.51856018,311.671,0.6560103414,3.101461656,1
1641,6478,150.1763189,55.70201513,0.9286685068,6661,90.81875231,0.5260678902,343.388,0.690367883,2.696066176,1
17948,7693,156.2405873,63.81211354,0.9127931657,7953,98.96985307,0.5736763609,364.055,0.7294098038,2.448447146,0
7673,5341,146.8297077,47.52650137,0.9461650705,5476,82.46437054,0.8007496252,323.578,0.6410242648,3.089428076,1
5707,6781,161.6781736,54.43960639,0.9416063004,6925,92.91844463,0.4683657964,365.291,0.6385952207,2.969863015,1
14170,8542,156.2618882,70.8612382,0.8912677644,8852,104.288121,0.6568242983,375.739,0.760320816,2.205181453,0
6868,5636,149.1585194,49.09815993,0.9442714946,5815,84.71114492,0.7668027211,332.046,0.6423686576,3.03796557,1
978,5286,133.8954221,51.3343377,0.9235860132,5440,82.03867523,0.5683870968,308.164,0.6994766437,2.608301345,1
6102,6345,157.1595293,52.49491023,0.9425648949,6546,89.88161609,0.7405462185,349.124,0.6541571324,2.993805087,1
10780,5949,163.5938668,47.12305754,0.9576156568,6086,87.03161524,0.5053946139,353.021,0.5998639339,3.471630988,1
4014,4841,134.0050189,46.74051446,0.9371983944,4986,78.50957035,0.4708227971,302.536,0.6646466583,2.866999229,1
7739,6223,157.4856708,50.897142,0.9463355112,6337,89.01331185,0.7359271523,344.526,0.6588183107,3.094194774,1
4744,6001,150.7795318,51.79933881,0.9391367391,6158,87.4111578,0.4925716162,339.526,0.6541651695,2.910838926,1
10909,5809,162.260689,46.11865029,0.9587574136,5935,86.00144484,0.4302962963,349.99,0.5959364767,3.51833126,1
14001,9126,160.8202939,73.10808373,0.8906983139,9360,107.7941746,0.5922897196,383.184,0.7810441703,2.19976076,0
1159,6418,148.3009998,56.18427783,0.9254568648,6590,90.39718689,0.6896625833,343.601,0.6831258797,2.639546249,1
17110,6842,143.1792911,61.47766059,0.9031261233,6995,93.33544324,0.580322307,337.276,0.7558263991,2.328964533,0
5804,6994,164.3688857,55.24848629,0.9418173955,7217,94.36650558,0.4782222222,377.877,0.6155092364,2.975083965,1
10613,10169,164.839976,79.44214714,0.8762069932,10506,113.7874023,0.5911521916,403.788,0.7837567515,2.074968791,0
17269,8411,159.2332247,68.00178121,0.904224356,8638,103.4853507,0.5766488414,373.676,0.7569498132,2.341603732,0
11096,7511,141.8608275,67.86120178,0.8781613087,7693,97.79213783,0.6903492647,345.181,0.7921617362,2.090455574,0
2141,6534,152.1898772,55.5085965,0.9311123419,6677,91.21045546,0.8136986301,341.11,0.7056674597,2.741735276,1
16156,8764,160.4175723,70.48390503,0.8983024161,9034,105.6346126,0.5483669128,381.93,0.7549960634,2.27594615,0
12861,7861,148.2994674,68.58861102,0.8866189037,8041,100.0446703,0.617032967,354.552,0.7858285103,2.162158778,0
16451,9227,164.9276962,72.01605675,0.8996303546,9410,108.3890275,0.8071909719,389.566,0.7640262717,2.29015172,0
17077,9224,166.6160912,71.61906612,0.9029027734,9532,108.3714056,0.5474833808,402.16,0.716690114,2.326420884,0
12873,9281,160.8676483,74.38094025,0.8866852492,9593,108.7057322,0.6302886248,389.32,0.7694691407,2.162753627,0
13986,8384,154.5469156,70.268835,0.8906567086,8667,103.319119,0.6437346437,371.273,0.7643185484,2.199366414,0
1091,5976,143.1730019,54.43981174,0.9248886881,6116,87.22889154,0.480772325,327.523,0.7000625509,2.62993198,1
10050,5784,158.5909393,47.71785443,0.9536599936,5967,85.81618453,0.7084762371,356.072,0.5732743366,3.323513625,1
11039,5531,158.8746067,44.65387919,0.9596891248,5622,83.9183408,0.4182546884,341.234,0.5969101013,3.557912762,1
4354,5183,139.5960094,48.34208962,0.9381238468,5319,81.23546369,0.478578024,313.212,0.6639177618,2.887670155,1
10211,8655,152.1791538,73.78854648,0.8745809887,8954,104.9756556,0.7255427949,374.391,0.7759364185,2.062368228,0
1003,5298,134.2327292,51.36741889,0.9238833053,5457,82.13174239,0.6523023886,307.981,0.701897941,2.613188127,1
9786,5743,156.6209764,47.68640922,0.9525218839,5939,85.51148873,0.619391717,351.135,0.5853295354,3.284394421,1
11236,3992,136.390449,37.3327078,0.9618095998,4079,71.29356396,0.4133788961,293.298,0.5831525695,3.65337681,1
3419,7184,162.2852739,57.3229466,0.9355390273,7371,95.63970352,0.5146500466,370.986,0.655935515,2.831069991,1
4922,5715,147.1304502,50.35440137,0.9396113918,5883,85.30277837,0.7166144201,332.882,0.6481051531,2.921898508,1
2021,6973,157.8032922,57.7646947,0.9305931915,7302,94.22472789,0.6081458224,361.34,0.6711157773,2.731829417,1
7896,6584,163.2335786,52.57922574,0.9467021285,6754,91.55877436,0.4882461995,360.913,0.635176812,3.104526099,1
12621,7187,141.865017,65.87648732,0.8856463607,7302,95.65967075,0.738643371,338.961,0.7860642487,2.153500024,0
8937,6245,160.7305224,50.41406791,0.9495367347,6382,89.17051619,0.4500900901,353.193,0.6290977494,3.188207758,1
3215,6457,152.9596065,54.25807052,0.9349719854,6573,90.67142736,0.5796750157,341.766,0.6946770309,2.81911253,1
13165,7027,140.3304613,64.57087568,0.8878492631,7190,94.58886975,0.5741013072,336.038,0.7819933053,2.173277966,0
2282,5401,138.4275691,50.3178094,0.9315959231,5569,82.92627317,0.7884671533,321.428,0.6569262699,2.751065095,1
13941,6794,138.6172629,63.06279797,0.8905211324,6895,93.00746995,0.6394954819,327.045,0.7982159082,2.19808298,0
16595,8228,155.7802159,67.78530403,0.9003655942,8456,102.3533828,0.6078605201,367.909,0.7638768055,2.298141435,0
4230,5308,140.8387802,48.90949115,0.937764115,5422,82.20921787,0.4866153282,315.041,0.6720577963,2.879579748,1
8994,5174,145.9147643,45.70486167,0.9496773414,5378,81.16490254,0.4780118256,328.742,0.6016250384,3.192543616,1
11999,7430,142.7203901,67.03466406,0.8828302051,7562,97.26340431,0.642733564,346.902,0.7758630519,2.129053559,0
3610,4453,127.8484083,44.97920554,0.9360689116,4603,75.29764733,0.485764154,296.431,0.6368179861,2.842389206,1
7169,5579,149.0392035,48.79322725,0.9448909675,5784,84.28169089,0.5212557227,330.039,0.6436291429,3.054505961,1
16065,5736,129.3736245,56.92465831,0.8979967747,5823,85.45935893,0.8211882606,302.258,0.7889752832,2.272716751,0
8146,4625,138.4477246,44.34378398,0.9473186579,4821,76.73807982,0.5839646465,309.304,0.6075059393,3.122145026,1
587,6422,144.0433192,57.42806131,0.9170874752,6566,90.4253524,0.6574529075,332.387,0.7304527119,2.508239281,1
9593,6522,130.8370796,63.98707442,0.8722506072,6609,91.12666081,0.6148190045,314.486,0.8286822282,2.044742329,0
8441,6762,165.9614718,52.77407225,0.9480940997,6913,92.78817706,0.6774193548,365.128,0.6373746021,3.144753943,1
8733,6676,165.0122484,52.05190676,0.9489446307,6849,92.19624288,0.4802877698,364.064,0.6329519165,3.170148006,1
2705,6059,148.2733225,53.24275318,0.9333047901,6238,87.83255889,0.5702051572,337.994,0.666488768,2.784854533,1
7271,6370,159.5810561,52.13048606,0.9451381528,6612,90.05851376,0.6463068182,352.937,0.6426210046,3.061184887,1
3789,6107,151.3927128,53.04421997,0.9366095064,6327,88.17978169,0.4702394702,342.986,0.6523565049,2.854085004,1
12887,6413,134.1358885,62.00487797,0.8867474576,6585,90.36196767,0.595505618,323.846,0.7684118072,2.16331187,0
2933,6011,147.9343624,52.82950352,0.9340606218,6224,87.48395798,0.548649142,339.318,0.6560588448,2.800222461,1
3252,6278,152.0740616,53.89823848,0.9350859674,6416,89.40580441,0.562847409,341.046,0.6782741331,2.821503371,1
12093,8837,155.9342865,73.10431444,0.8832964421,9019,106.0736436,0.7404273146,373.928,0.794216208,2.133038081,0
4280,6103,152.0719118,52.74552443,0.9379221169,6277,88.1508987,0.7876871451,340.904,0.65991658,2.883124463,1
10306,6836,173.7066775,51.58537072,0.954887349,7141,93.29450963,0.6092691622,383.901,0.5828723196,3.36736317,1
16685,8689,160.5767449,69.72984016,0.9007942294,8864,105.1816448,0.557380204,376.976,0.768337902,2.302841143,0
14331,8215,152.9737696,69.19748047,0.8918411772,8433,102.2724932,0.7021367521,367.667,0.763674218,2.210684097,0
14805,9655,165.9931736,74.54360244,0.893493405,9855,110.8743785,0.6166964742,395.225,0.7767358062,2.22679302,0
7048,7051,166.968999,54.77359915,0.9446615692,7226,94.75026137,0.4800517429,370.3,0.6461794683,3.048348138,1
2389,6033,147.2906897,53.36780119,0.9320499667,6192,87.64390551,0.748139881,331.732,0.6889194643,2.759916775,1
16361,6621,139.7769834,61.15795958,0.8991991631,6742,91.81567963,0.8015738499,329.707,0.7653800121,2.285507632,0
12730,8710,155.7492563,72.20615436,0.8860419192,8936,105.3086722,0.7490540076,373.274,0.7855476572,2.157008052,0
1316,6780,153.0873382,57.55767334,0.9266280542,6973,92.911593,0.5173992674,352.131,0.6871175446,2.659720752,1
16250,8156,154.6856187,67.84585401,0.8986800511,8362,101.9045717,0.6207001522,365.294,0.7680721239,2.279956837,0
12833,9083,158.9344468,73.54740448,0.8864872185,9392,107.5399218,0.6627024661,382.678,0.7794211513,2.160979682,0
7349,6304,157.9614312,51.49597162,0.9453685791,6483,89.59074779,0.4751997588,354.0,0.6321491298,3.067452196,1
6581,6258,156.4906547,51.79872952,0.9436300305,6456,89.26327952,0.4746662621,357.913,0.613889884,3.021129209,1
2130,6513,151.8729799,55.41931984,0.9310444736,6647,91.06376423,0.7129720854,343.062,0.6954176545,2.740433847,1
14523,8543,156.1791685,70.46061019,0.8924469125,8787,104.2942253,0.7873732719,372.844,0.7722642899,2.216545784,0
4526,6518,157.3584104,54.2852617,0.9386106029,7170,91.09871213,0.5112156863,433.176,0.4365112558,2.898731727,1
14698,7933,150.720255,67.79085785,0.8931397086,8122,100.5017876,0.5703091301,361.469,0.7629660318,2.223312401,0
17575,9089,166.9617283,70.40847289,0.90673343,9306,107.575435,0.5479262117,391.688,0.7444669709,2.371330061,0
3502,6122,150.8826727,53.20575827,0.9357628314,6327,88.28800877,0.6610517223,343.559,0.6517792488,2.835833519,1
3475,5221,138.1657131,48.74385153,0.9357015167,5306,81.53271529,0.8407407407,308.807,0.6880013408,2.834525971,1
6635,6596,160.426434,53.0515347,0.9437391804,6730,91.6421739,0.6546898263,357.52,0.6484699081,3.02397348,1
9322,6808,168.5110676,52.25644927,0.9507016851,6905,93.10324817,0.4427679501,367.808,0.6323930216,3.224694176,1
8122,6133,158.1428198,50.6902483,0.9472368019,6359,88.36729105,0.642333473,355.294,0.6105301024,3.119787832,1
1731,6731,154.4678312,57.0992322,0.9291705591,6924,92.5752417,0.4946355085,354.309,0.6737908145,2.705252334,1
13956,8624,156.1266461,71.0158203,0.8905627802,8854,104.7874889,0.7786204406,373.059,0.7786881548,2.19847698,0
4673,5079,139.1224661,47.8763376,0.9389216863,5244,80.41631456,0.5831228473,319.651,0.624648846,2.905871107,1
12404,5912,127.8018638,59.55760019,0.8847767589,6034,86.76054511,0.7109187109,308.321,0.7815163668,2.145853147,0
13714,9262,161.7216282,73.81512604,0.8897576644,9498,108.5944044,0.5836168872,387.761,0.7740809635,2.190900929,0
15649,8313,155.5698262,68.97379614,0.8963424958,8533,102.8807092,0.5673628174,367.977,0.7714828847,2.255491721,0
15644,8726,159.3190342,70.64014691,0.8963297871,8951,105.4053522,0.590872156,376.735,0.7725972066,2.255361026,0
10937,8754,153.3509421,73.57525054,0.8773869162,8960,105.5743291,0.7529027264,372.075,0.79461256,2.084273462,0
2648,6053,146.9996265,52.86079356,0.9331072669,6198,87.78905948,0.5196600275,330.521,0.696277597,2.780881947,1
16627,8165,155.4943941,67.62364224,0.9004814575,8440,101.9607811,0.5663845727,382.805,0.7001818514,2.299408742,0
6016,8374,144.111847,75.88318277,0.8501394793,8492,103.2574837,0.6409981629,359.134,0.8158865527,1.899127603,0
2128,5891,145.0723721,52.93812213,0.9310434389,6050,86.60631708,0.5331221719,327.831,0.6888090584,2.74041402,1
7218,6685,162.6971889,53.22465344,0.9449761068,6933,92.25836741,0.6980265219,363.159,0.6369680553,3.056801283,1
16591,9524,168.2366754,73.22059003,0.9003223435,9787,110.1196323,0.5894658662,397.73,0.7565759822,2.297668939,0
14131,8683,157.1080972,71.29266509,0.8911132527,8845,105.1453231,0.7774196437,371.686,0.7898184211,2.203706328,0
15411,8239,154.5343475,68.75622215,0.8955677448,8449,102.421778,0.7855644546,367.212,0.7678044715,2.247568914,0
903,4557,124.1108898,47.83610968,0.9227369117,4697,76.17186229,0.6173960168,286.561,0.6973562932,2.594502158,1
14842,9167,162.4411089,72.89617096,0.8936551018,9405,108.0360445,0.5775215775,385.942,0.7733801289,2.228390144,0
182,4837,114.7953243,55.47569683,0.875478285,4963,78.47712837,0.5893031189,282.031,0.7641739992,2.069290354,1
9845,6668,168.0297501,51.00631644,0.9528138312,6828,92.14098591,0.4662937063,366.91,0.6224240402,3.294292978,1
13756,8415,154.6520189,70.54639022,0.8898966993,8641,103.5099549,0.5839694656,371.327,0.7669215239,2.19220315,0
13250,10093,168.4431309,77.41731333,0.8881234146,10435,113.3613987,0.61629114,406.555,0.7673465133,2.175781149,0
14907,9557,165.6057711,74.25111178,0.893852742,9872,110.3102458,0.5988095238,402.735,0.7404448249,2.23034736,0
12489,9056,158.0599335,73.55848507,0.8851091446,9264,107.379967,0.593641429,379.083,0.7919133422,2.14876548,0
12024,8698,154.9966317,72.76471481,0.8829537542,8976,105.2361039,0.6276971928,375.848,0.7737573371,2.130107046,0
11019,10113,164.7181437,78.90843874,0.8777869128,10323,113.47366,0.6314310689,396.226,0.8094759142,2.087459165,0
7883,5176,143.8304809,46.34260223,0.9466706252,5308,81.1805881,0.7212931996,319.244,0.6382027104,3.103634107,1
5484,6085,152.2759474,51.5076116,0.9410556452,6248,88.02080794,0.6095362116,343.245,0.6490258689,2.956377567,1
2865,5853,146.2573046,52.31961054,0.933827721,6061,86.32653738,0.513556199,332.306,0.6660579594,2.795458589,1
1454,6709,153.0513481,57.15093947,0.9276663184,6910,92.42382867,0.5064160628,350.535,0.686127586,2.67801981,1
4082,5825,147.0235231,51.21096344,0.9373763692,5939,86.1198023,0.6557469323,326.308,0.6874646178,2.870938432,1
10484,4720,143.7534363,42.29809671,0.9557313806,4844,77.52219457,0.4643841007,308.348,0.6238347902,3.39857931,1
8212,5736,152.4868761,48.7655467,0.9474845316,5872,85.45935893,0.4971829765,335.068,0.6420267154,3.126938718,1
11063,6089,168.2425623,47.11517689,0.9599874139,6269,88.0497336,0.4521087021,361.962,0.5840229043,3.570878291,1
51,3210,87.98665592,48.80975228,0.8320234936,3351,63.93042264,0.6138841079,226.454,0.7866017419,1.802645,1
11896,7034,139.3759495,65.58233525,0.8823772265,7200,94.63597074,0.6157212885,337.788,0.7746825863,2.125205652,0
16277,7567,149.151857,65.37605463,0.898819603,7757,98.1560168,0.5743017608,354.912,0.7549048764,2.281444757,0
18130,7507,158.9934678,60.98789897,0.9235045575,7759,97.76609465,0.7771221532,375.259,0.6699062753,2.606967455,0
2924,5188,137.8176194,49.22502884,0.9340374256,5303,81.27463785,0.711659808,310.933,0.6743357698,2.799746848,1
17657,8141,158.4038955,66.46649275,0.9077084796,8381,101.8108203,0.7201875442,372.166,0.7386083776,2.383214292,0
5237,6321,155.2255922,52.76476174,0.9404532408,6474,89.71146617,0.6976821192,347.173,0.6590278528,2.941842,1
411,5454,130.6999931,54.37499282,0.9093513275,5624,83.33215752,0.5542682927,311.871,0.7046525242,2.403678351,1
3782,7110,162.7941528,57.04359693,0.9365989412,7276,95.14585205,0.4834761322,367.515,0.6614992042,2.853854973,1
18126,6554,147.6883558,56.92261727,0.9227396395,6664,91.3499424,0.6371767451,337.267,0.7240500734,2.59454612,0
8982,6301,161.7156427,50.66621834,0.9496527622,6439,89.56942766,0.4599605811,354.324,0.6306932797,3.191784349,1
16162,9120,163.5136749,71.83938496,0.8983170087,9327,107.7587335,0.7929055816,387.341,0.7638670266,2.276100707,0
17471,8621,161.8206765,68.58245091,0.9057475593,8800,104.7692613,0.8041977612,377.756,0.7591800149,2.359505593,0
14262,7870,149.6780817,67.78631294,0.8915711303,8009,100.1019241,0.6507897131,355.361,0.7831502118,2.208087078,0
16810,8536,159.8280338,69.20170001,0.9014054573,8776,104.251488,0.5925308899,378.502,0.7487346176,2.309596929,0
9073,8130,145.3161566,71.5335884,0.8704472127,8232,101.7420144,0.6094452774,352.661,0.8214583345,2.031439493,0
5762,6136,154.1901757,51.8672751,0.9417245222,6284,88.38890115,0.6817777778,342.773,0.656269172,2.972783425,1
138,4199,103.9579819,51.93962023,0.8662439461,4292,73.11862176,0.7141156463,254.771,0.8129348749,2.001516019,1
4117,5991,149.2805702,51.96217395,0.9374633581,6149,87.33829694,0.8095945946,335.073,0.6705486856,2.87286999,1
16692,7235,146.1892066,63.46982933,0.9008347093,7345,95.9785815,0.5754394337,341.083,0.7814986842,2.303286587,0
8504,6409,161.5528629,51.28447997,0.9482759987,6531,90.3337824,0.4564814815,353.994,0.6427000497,3.150131639,1
879,5300,133.9950406,51.76320599,0.9223703133,5491,82.14724333,0.5251684503,319.33,0.6531400146,2.588615563,1
14760,7308,145.197428,65.2561225,0.8933154047,7499,96.46157055,0.6910638298,345.578,0.7689820971,2.225039159,0
1098,5222,133.5775666,50.76948661,0.9249556932,5370,81.54052307,0.8525714286,302.604,0.7166339893,2.631060024,1
16435,6503,138.8747237,60.66468458,0.8995439432,6652,90.99382814,0.7084649744,328.417,0.7576565094,2.28921859,0
10455,6467,168.8660815,49.76040365,0.9555979141,6600,90.74161193,0.7950577821,364.614,0.6112882453,3.393583434,1
12598,9124,159.5487448,74.12434337,0.8855272485,9309,107.7823622,0.57025,382.303,0.7844761212,2.152447327,0
9956,6638,132.9016166,64.74244359,0.8733207439,6797,91.93347648,0.6166852471,322.448,0.8022832719,2.052774181,0
6187,5626,149.2220907,49.764123,0.9427535232,5820,84.63595973,0.4527603412,334.18,0.6330655524,2.998587772,1
12736,8749,156.0554497,72.34217916,0.8860617941,8980,105.5441745,0.7194901316,381.867,0.753952563,2.157184806,0
14165,8899,158.8242347,72.03145354,0.8912413363,9124,106.4450972,0.6763185895,378.609,0.7801339964,2.204928915,0
4771,6608,158.1109299,54.28572668,0.9392113669,6786,91.72549761,0.6204694836,354.873,0.6593772857,2.912569096,1
11766,9549,161.2635313,76.09516393,0.8816689949,9757,110.2640667,0.7117620751,388.475,0.7951363478,2.119234955,0
8228,5837,154.2291913,49.30864663,0.9475153739,6046,86.20846375,0.4913299663,344.024,0.6197579053,3.127832578,1
5419,4792,134.6135641,45.57735569,0.940937889,4896,78.11122774,0.5721791045,297.628,0.6797967773,2.953518519,1
9965,6669,169.0342482,51.03931106,0.9533248503,6931,92.14789484,0.4613947696,381.712,0.5751736145,3.311844236,1
3533,5319,140.0557415,49.36475244,0.9358249816,5491,82.29435666,0.5301505033,317.907,0.6613626622,2.837160821,1
11073,6680,134.0564599,64.15999822,0.8780307076,6801,92.22385895,0.7284623773,323.736,0.800948023,2.089408722,0
16407,8711,160.4762218,70.1462523,0.8994065672,8973,105.3147173,0.672352578,380.494,0.7561052476,2.287737641,0
4029,4473,129.0740878,45.00768774,0.9372356819,4572,75.46655209,0.5004475274,288.153,0.6769591635,2.867823128,1
11943,9996,165.2115455,77.66035893,0.882631176,10180,112.8153469,0.6186792102,396.127,0.8005108482,2.127360055,0
1036,5987,142.1199097,54.25048154,0.9242766463,6131,87.30913557,0.5381573034,326.219,0.7069694024,2.619698584,1
16931,8014,154.8514172,66.85854504,0.9019888446,8270,101.0135719,0.693732687,368.784,0.7404829464,2.3161051,0
5392,6737,160.1525231,54.26202214,0.9408531386,6898,92.6164932,0.5085295894,356.332,0.6667557359,2.951466179,1
432,5753,134.1673184,55.46048507,0.9105640237,5951,85.5859048,0.7209273183,317.55,0.7169353652,2.41915155,1
486,6073,138.5717146,56.46244162,0.9132230204,6361,87.93397384,0.5737906274,359.911,0.589145961,2.454228167,1
7439,5571,149.3532283,48.59597189,0.9455846812,5719,84.2212414,0.4730808424,328.785,0.6476181789,3.073366422,1
13612,8671,156.1610524,71.37842382,0.8894245004,8851,105.072642,0.5936601397,372.08,0.7870573831,2.187790709,0
8365,5549,150.301925,47.88590715,0.9478898951,5706,84.05478115,0.5962819686,335.422,0.6197856269,3.138750709,1
4936,8217,137.4010319,77.28407179,0.8268171326,8357,102.2849419,0.7649413517,350.398,0.841007587,1.777869989,0
5251,6108,152.1767126,51.71383145,0.940487784,6278,88.18700097,0.5046682641,340.824,0.6607673177,2.942669463,1
8395,6812,166.5836596,53.03574457,0.9479655127,7022,93.13059529,0.7933845795,364.539,0.6441640853,3.140969566,1
6836,7537,137.5927533,70.89889175,0.8570214634,7721,97.96124973,0.7015078183,346.413,0.7892598599,1.940689761,0
3166,7289,163.5408632,58.08076733,0.9348111161,7503,96.33609418,0.4893259936,373.222,0.6575720459,2.815749012,1
7559,6217,157.1276503,50.97546947,0.9459128817,6330,88.97038974,0.4620587142,346.543,0.6505436918,3.082416933,1
10525,6522,170.4389915,49.98314214,0.9560323594,6736,91.12666081,0.4322927023,372.552,0.5904958641,3.409929513,1
12516,9345,161.0350197,74.91328864,0.8852062642,9518,109.0798952,0.7631063204,385.878,0.7886587606,2.149618881,0
14414,8839,159.0048818,71.84488899,0.8920986012,9114,106.0856462,0.7941599281,380.394,0.7676189396,2.21316901,0
2153,5141,135.540756,49.42255227,0.9311515488,5301,80.90565184,0.5483733333,308.619,0.6782848993,2.74248799,1
12036,9890,164.7649189,77.33426339,0.8830062542,10176,112.215592,0.6276973851,397.979,0.7846678211,2.130555225,0
11100,5999,126.527314,60.52119528,0.8781828169,6090,87.39659049,0.6433933934,301.086,0.8315868285,2.090628142,0
7585,6784,165.4615109,53.65613395,0.9459605716,6970,92.93899651,0.71418044,367.931,0.6297424097,3.083738964,1
16339,9569,168.3885714,73.71877353,0.8990774291,9962,110.3794782,0.7539394894,404.659,0.7343413959,2.28420202,0
885,5586,137.2523185,52.99544487,0.9224498418,5724,84.33454866,0.8235294118,313.074,0.7161710992,2.589888977,1
1040,5721,139.3836765,53.1995509,0.9242957466,5929,85.34754499,0.5804586039,324.977,0.680732619,2.620016038,1
14078,10115,169.2820312,76.87074987,0.8909513865,10480,113.48488,0.6887980933,432.292,0.6801760787,2.202164432,0
15337,10148,171.8093437,76.53086787,0.8953114632,10496,113.6698504,0.7707146655,413.251,0.746728103,2.244967925,0
6180,4593,133.6339554,44.5694497,0.9427434136,4721,76.47214675,0.5447106262,298.859,0.6462099363,2.998330836,1
14250,10045,168.7443371,76.43349862,0.891533659,10181,113.091517,0.5690250949,399.686,0.7901725391,2.207727504,0
13713,9110,160.5814931,73.29530503,0.889755829,9361,107.6996391,0.5844614101,383.002,0.7804159869,2.190883755,0
11911,8512,152.7471452,71.85080189,0.8824583859,8726,104.104827,0.5917274939,367.812,0.790659859,2.125893396,0
10348,9287,157.6314425,76.22962984,0.8752923978,9573,108.7408647,0.5903254513,385.708,0.7844549651,2.067850032,0
15154,8857,160.3333125,71.62745395,0.8946633651,9106,106.1936093,0.7051190192,382.644,0.7601629405,2.238433779,0
4038,7229,164.1596004,57.23578005,0.9372495162,7444,95.93877563,0.7315320785,369.915,0.6638717744,2.868128997,1
8975,6079,157.9342859,49.49200635,0.9496308182,6288,87.9774016,0.507217355,356.132,0.6023099117,3.19110696,1
48,3899,95.37622831,53.32667827,0.829087297,3977,70.45822156,0.6421277997,240.44,0.8475194244,1.788527458,1
17944,9214,170.9221284,69.85131212,0.9126807355,9571,108.3126455,0.7788672866,410.39,0.6874870667,2.446942272,0
15462,9509,165.8816341,73.75012474,0.8957317651,9669,110.0328807,0.5689242551,392.483,0.7757164664,2.249238691,0
1430,5247,134.9900601,50.45702292,0.9275160831,5441,81.73547511,0.6035196687,311.769,0.6783519352,2.6753473,1
15667,7652,149.1526567,66.09112613,0.8964669423,7777,98.70576982,0.7781167378,351.16,0.7797847627,2.256772814,0
6393,6313,157.6977981,52.39837777,0.9431840211,6510,89.65467777,0.5087846551,350.094,0.647256347,3.009593137,1
1011,6344,146.9890161,56.20130676,0.9240174153,6596,89.87453294,0.6427558257,348.886,0.6549466924,2.615402107,1
11149,9640,160.8914606,76.89342205,0.8784027736,9876,110.7882178,0.5990182067,405.466,0.7368481756,2.092395634,0
18160,7927,165.4264171,61.60471993,0.9280725135,8102,100.4637739,0.497115264,377.829,0.6977954681,2.685288031,0
12415,8241,150.7342414,70.23340619,0.8848152916,8483,102.4342086,0.5873841768,366.141,0.7724903297,2.146190105,0
5465,5800,148.7570611,50.32885426,0.9410278248,5944,85.93479714,0.8509389671,325.62,0.687409791,2.955701322,1
15527,8159,154.2273139,68.50105573,0.8959492457,8353,101.9233116,0.6027630024,367.206,0.7603740022,2.251458934,0
3071,4805,132.4005047,47.13109808,0.9344959722,4926,78.21710818,0.5002602811,298.003,0.6799265246,2.809196265,1
12815,7742,146.6424181,67.88352282,0.8864007243,7875,99.28454339,0.6187659847,348.391,0.8015473384,2.160206366,0
13428,8395,153.840811,70.52347164,0.888736458,8619,103.3868753,0.5747637957,368.192,0.7781832319,2.181412903,0
901,5628,137.6379805,53.05139,0.9227322733,5769,84.65100211,0.7900056148,314.2,0.7163934252,2.594427413,1
935,5221,133.0886319,51.16866244,0.9231372483,5341,81.53271529,0.4906954887,304.911,0.7056955399,2.600979301,1
17807,8471,162.1457828,67.28428875,0.9098388826,8596,103.853802,0.5942059484,375.964,0.7530989163,2.409860991,0
5226,6187,153.5363196,52.20297946,0.9404239503,6364,88.75546779,0.501784266,346.382,0.6480064804,2.941140932,1
9722,9083,154.4586709,75.4536909,0.8725616104,9277,107.5399218,0.6151293512,375.494,0.8095304229,2.04706581,0
13953,8790,157.7042214,71.73594404,0.89055453,9022,105.7911887,0.5678294574,377.143,0.7765807775,2.198398913,0
9991,5923,159.6812106,48.15704825,0.9534401057,6090,86.84122191,0.5303071,350.308,0.6065288815,3.315842985,1
4374,6808,159.7693171,55.30217245,0.9381837466,7007,93.10324817,0.5711409396,360.621,0.6578507655,2.889024247,1
11491,9169,158.0236341,75.06469405,0.8799739494,9496,108.0478292,0.6870738104,386.995,0.769344988,2.105165899,0
6955,6324,157.2587547,51.67811455,0.9444627952,6506,89.73275255,0.4549967624,357.484,0.6218541082,3.04304358,1
2860,6411,153.116548,54.77976768,0.9338115891,6659,90.34787613,0.7823062843,348.809,0.662155936,2.795129562,1
10816,6104,166.2257458,47.71690082,0.9579123546,6294,88.15812034,0.5215311005,362.473,0.5838120632,3.48358219,1
16734,8000,154.4455695,66.99592928,0.9010171661,8204,100.9253009,0.7922360864,362.704,0.7641791089,2.305297816,0
9401,6124,160.2625196,49.52513432,0.9510538964,6247,88.30242903,0.4486446886,351.96,0.6212385938,3.235983542,1
960,7081,154.5809512,59.34318431,0.9233758659,7233,94.95161513,0.6381578947,356.85,0.6987680771,2.604864451,1
3129,7117,161.0308662,57.24358966,0.9346830908,7315,95.19267745,0.5641249207,363.334,0.6774773025,2.813081206,1
7721,5632,149.811089,48.43525521,0.9462934899,5765,84.68107885,0.4570686577,331.266,0.6449392122,3.093017439,1
8926,7099,172.194217,54.02322682,0.9495108259,7334,95.07222269,0.6579240037,380.352,0.6166455925,3.187410808,1
4,3073,77.03362772,51.92848667,0.7386386945,3157,62.55129991,0.7835288118,210.657,0.8702031163,1.48345605,1
4882,6377,155.3877244,53.22416987,0.9395087389,6558,90.10798287,0.4625707239,352.075,0.6464812077,2.9194955,1
15117,9640,166.2205937,74.30251171,0.8945282259,9884,110.7882178,0.6631810677,393.074,0.7840400749,2.237079069,0
6551,6142,155.1480022,51.39315134,0.9435421737,6271,88.4321055,0.491281395,340.792,0.6645702465,3.018845861,1
12586,8951,157.7917148,73.32228936,0.8854798955,9223,106.7556423,0.6957637,379.882,0.7794423331,2.152029296,0
13957,8246,152.3706705,69.30615701,0.8905668661,8412,102.4652784,0.8315853167,364.747,0.7788785386,2.198515646,0
13414,9289,161.4916764,74.03886977,0.8887105846,9516,108.752573,0.5862047204,385.95,0.7836402534,2.181174252,0
9120,7427,139.7979676,68.79364815,0.8705424455,7569,97.24376637,0.5937799808,340.603,0.804500559,2.032134817,0
13057,8750,156.287362,72.03739216,0.887436967,8927,105.5502061,0.7286808794,373.928,0.7863971732,2.169531091,0
4085,6813,158.7108936,55.28023444,0.9373802379,6986,93.13743081,0.4991208791,368.192,0.6315381011,2.871024249,1
4305,6523,156.8182753,54.36334291,0.9379891593,6748,91.13364664,0.5119692332,352.79,0.6586045244,2.884632675,1
2052,4775,132.2949891,48.37834173,0.9307385303,4931,77.97255175,0.7113064204,308.071,0.6322394678,2.734591231,1
16497,8193,156.0891468,68.08342982,0.8998579913,8476,102.1354571,0.7240830756,372.19,0.7432303198,2.292615799,0
2256,5901,145.6964495,52.99066972,0.9315138009,6063,86.67979322,0.5863473768,330.831,0.677521503,2.749473638,1
2496,6383,151.6015097,54.74751336,0.9325163495,6532,90.15036336,0.8028930818,342.806,0.6825553565,2.769103113,1
7859,5831,152.2083323,49.0685661,0.9466111366,5965,86.16414443,0.5039322444,334.622,0.6544009546,3.101951908,1
13023,9225,160.6651162,74.10022055,0.8872914551,9661,108.3772799,0.7485394352,399.962,0.724667486,2.168213738,0
6429,5295,143.7302895,47.72551848,0.9432620903,5454,82.10848549,0.5813570487,323.513,0.6357587623,3.011602473,1
3316,4886,133.5567302,47.27291314,0.9352629055,5013,78.87362307,0.5074781886,297.126,0.6954757858,2.825227415,1
14265,8651,157.409298,71.28327769,0.8915851796,8923,104.9513949,0.7985784178,377.574,0.7625564772,2.208221944,0
6992,6318,157.4527495,51.70145717,0.9445520496,6545,89.69017473,0.7838709677,359.265,0.6151197423,3.045421892,1
10884,4990,150.4041135,42.92040856,0.9584182446,5079,79.70862769,0.42003367,325.364,0.5923404793,3.504256334,1
9606,7916,144.7808849,70.79715644,0.8722864801,8173,100.3940448,0.5936703165,354.018,0.7937156821,2.045009887,0
4062,4712,131.5760581,45.85189397,0.9373154556,4834,77.45646994,0.6031746032,294.84,0.6811493409,2.869588291,1
8763,6443,162.2188249,51.11833396,0.9490519623,6573,90.5730776,0.4760602926,358.31,0.6306380017,3.173398121,1
10895,5748,161.6296651,45.99077087,0.9586629458,5896,85.54870486,0.6326216157,350.365,0.5884169744,3.514393476,1
1471,4527,125.6304691,46.88645735,0.9277471804,4666,75.92071798,0.6448717949,286.247,0.6942861007,2.679461751,1
5703,5265,141.6902084,47.71328526,0.9415963463,5393,81.87555315,0.7146735442,316.689,0.6596936173,2.969617531,1
12013,9829,164.3879099,77.19876771,0.8828721542,10150,111.8689925,0.7683708568,402.219,0.7634736193,2.129411061,0
10072,5788,158.1486494,47.53594362,0.9537573582,5966,85.84585304,0.4829370046,348.589,0.5985646015,3.326927739,1
10605,4204,137.1562175,40.05114179,0.956414921,4359,73.16214216,0.4594535519,297.488,0.5969441046,3.424527027,1
14502,6781,139.0912099,62.77144105,0.8923738276,6933,92.91844463,0.6523328523,330.766,0.7788644575,2.215835857,0
3059,6466,153.7979275,54.76057728,0.9344648611,6586,90.73459592,0.7646641438,345.634,0.680162446,2.808551975,1
10197,4858,144.5998786,43.17977213,0.9543734876,5000,78.64729943,0.6175947114,313.389,0.6215840721,3.348787441,1
6312,6729,129.3255355,67.31826897,0.8538412691,6901,92.56148711,0.7440291906,321.239,0.8194149093,1.921106075,0
4047,6755,121.5511686,73.17618341,0.7984813246,6926,92.74013761,0.6591530055,321.396,0.8217775689,1.661075543,0
5588,6142,153.4566554,51.78687973,0.9413366056,6302,88.4321055,0.5674951492,340.59,0.6653587782,2.963234244,1
15687,9851,169.4995689,75.0845076,0.8965326932,10154,111.9941193,0.5661494253,406.716,0.7483550053,2.257450628,0
8266,8685,150.3929729,74.855585,0.8673301561,8953,105.1574317,0.6066214989,370.169,0.7964886572,2.009108243,0
6370,6135,154.7110701,51.43128183,0.9431263804,6313,88.38169837,0.6334537945,344.824,0.6483797763,3.008112273,1
15271,9712,167.2949978,74.62480327,0.8949994947,9879,111.2011801,0.7792041078,395.033,0.7820810877,2.241814925,0
12223,9020,158.4276022,74.05996883,0.8840095448,9381,107.1663226,0.6158257664,386.35,0.7593719805,2.139179974,0
17589,8869,164.4790738,69.28218866,0.9069576106,9056,106.2655237,0.6486031885,385.242,0.7509607891,2.37404558,0
1057,5138,131.8404185,50.26915364,0.9244563552,5262,80.88204239,0.6814323607,301.58,0.7099028018,2.622690236,1
9070,6232,161.055587,50.3429454,0.9498910496,6414,89.07765625,0.5576733781,354.294,0.6238924262,3.199168935,1
7723,6148,156.6040444,50.62798847,0.9463011026,6281,88.47528876,0.4838278114,345.011,0.6490495289,3.093230626,1
347,4393,115.2274784,49.14862456,0.9044707626,4493,74.78864433,0.6948750395,268.805,0.7640053185,2.344470053,1
9394,8881,152.6887537,74.92359149,0.8713314656,9074,106.3373895,0.6652434457,373.126,0.8016055386,2.037926248,0
4741,5892,149.7129023,51.43720508,0.939126232,6068,86.6136675,0.515034965,336.879,0.652416181,2.91059559,1
11731,7842,147.2608994,69.54019383,0.8814783552,8094,99.92369344,0.6160251375,362.203,0.7511602811,2.117637173,0
14065,7931,150.1796768,68.20463088,0.8909234356,8135,100.489118,0.8011111111,364.292,0.7509975942,2.201898535,0
13120,8251,151.8290408,69.91432941,0.8876697626,8481,102.4963389,0.6306657494,363.343,0.7853854581,2.171644098,0
7473,5682,150.7951255,49.01156659,0.9457068352,5903,85.05614083,0.7835079978,339.166,0.6207067588,3.076725271,1
10320,8138,147.6781107,71.44624994,0.8751801598,8420,101.7920597,0.7915572415,362.232,0.7793883719,2.066981974,0
16072,9247,164.6739501,72.44700606,0.8980261325,9534,108.5064333,0.5967346412,391.966,0.7563345289,2.2730263,0
5549,6500,158.3425382,53.47722533,0.94124258,6660,90.97283683,0.4718350755,354.037,0.6516672813,2.960934066,1
8427,7563,140.6430907,69.85529498,0.8679309544,7757,98.1300702,0.719737343,348.009,0.7847349824,2.013349034,0
17238,9333,167.6473501,71.67596855,0.9039963738,9587,109.0098375,0.5454067321,393.508,0.7573977278,2.338961767,0
3214,6582,156.3251303,55.45194143,0.9349718713,6823,91.54486705,0.4779956427,356.052,0.6524404563,2.81911014,1
17837,7736,155.2661629,64.19546347,0.9105248693,7863,99.24606349,0.7871387871,362.821,0.7384846849,2.418646965,0
15479,8744,159.4819434,70.88791064,0.8957844926,9030,105.5140113,0.656900308,381.032,0.7568278628,2.249776329,0
14748,10053,169.3841015,76.13828623,0.8932799372,10232,113.136542,0.7968452758,401.302,0.7844457208,2.22469023,0
11254,9307,158.283121,75.52421354,0.8788238505,9566,108.857891,0.7057173188,383.0,0.7973004882,2.095793039,0
2445,5236,137.0785393,49.58922862,0.9322721199,5401,81.64975356,0.764379562,318.186,0.6499012434,2.764280532,1
7840,8768,149.8066651,75.19161927,0.8649115011,8977,105.6587163,0.6794265788,366.907,0.818461792,1.992331945,0
103,4608,107.2664178,55.61545032,0.8550899926,4698,76.59691784,0.745631068,264.951,0.8248808254,1.928716161,1
4171,5391,142.0155834,49.38970312,0.937577413,5505,82.84946823,0.4709942338,319.574,0.6633402019,2.875408728,1
13336,8196,151.9805315,69.75545792,0.8884485246,8506,102.1541546,0.5692061949,373.098,0.7398879796,2.178761864,0
8288,3722,123.2808652,39.35372146,0.947680628,3852,68.84037758,0.7380527464,274.677,0.6199285561,3.132635508,1
17909,8286,161.454118,66.244507,0.911950935,8554,102.713499,0.5771802731,375.642,0.7379152822,2.437245371,0
14514,8692,157.3781625,71.0087063,0.8924238894,8843,105.199801,0.6525525526,372.332,0.7878959268,2.216322064,0
3523,6438,153.5699164,54.13664644,0.9358038392,6576,90.5379268,0.5385644972,343.528,0.6855459262,2.836709078,1
14840,8820,159.2916341,71.48353179,0.8936528898,9156,105.9715659,0.6393620877,382.579,0.7572446154,2.228368271,0
7589,6205,126.0262563,63.60475698,0.863298021,6303,88.88448332,0.7242063492,307.402,0.8251601998,1.981396711,0
3012,5914,146.326347,52.17135248,0.9342796502,6052,86.7752192,0.5330809447,329.452,0.6847103419,2.804725967,1
1066,6198,145.4381543,55.42377819,0.9245414821,6374,88.83433288,0.8225613802,335.636,0.6913920199,2.624111149,1
1748,5612,140.6763364,51.97240474,0.9292519327,5760,84.5305881,0.4995104584,319.855,0.6893205698,2.706750575,1
4672,6415,155.9025544,53.65108553,0.9389212131,6618,90.376057,0.6579487179,349.629,0.6594648142,2.905860205,1
9341,8571,149.8807294,73.58446936,0.8711857761,8775,104.4649996,0.7380521829,369.048,0.7908163632,2.036852759,0
7655,6012,155.4921084,50.34613287,0.94613042,6195,87.49123466,0.508844689,342.874,0.6426281238,3.088461805,1
9516,5665,154.8592855,47.69133405,0.9513974901,5809,84.9288056,0.4367435047,340.572,0.6137505563,3.247115826,1
14356,8321,153.4484817,69.3921117,0.8919076172,8439,102.9302009,0.6180184195,361.319,0.8009470144,2.211324572,0
8798,6322,161.1996241,50.77151386,0.9491047807,6491,89.71856219,0.5735280777,354.931,0.6306327056,3.175001331,1
15160,7866,150.6033429,67.27766786,0.8946733461,8041,100.076482,0.7651006711,355.774,0.7809359087,2.23853394,0
12297,9832,164.8027687,76.94843216,0.8843036511,10090,111.8860635,0.6160401003,397.044,0.7837444148,2.14173004,0
17388,6911,145.2485121,61.75204107,0.905124084,7106,93.80489589,0.5446878941,342.132,0.7419307389,2.352124878,0
14300,8224,153.0695201,69.27926768,0.891713644,8410,102.3285005,0.7261810155,369.023,0.7589026955,2.209456382,0
35,3636,91.40038634,52.30281469,0.8200872913,3723,68.0404217,0.7552970503,235.385,0.824662357,1.747523281,1
10872,7926,145.3904878,69.81037628,0.8771821306,8033,100.4574369,0.594420279,349.676,0.814577258,2.082648676,0
12742,8611,154.3326612,71.52630804,0.8861202375,8770,104.7084797,0.5837966102,367.582,0.8008570083,2.157704842,0
12571,8371,152.3967924,70.82483273,0.8854473745,8560,103.238986,0.7972380952,363.002,0.7983055899,2.151742355,0
3990,6034,149.8715565,52.29618885,0.9371450472,6243,87.65116892,0.4859858247,340.999,0.6520921304,2.86582177,1
10841,7643,143.5911165,68.97508528,0.8770727268,7819,98.6477057,0.5999215071,346.879,0.7982109966,2.08178237,0
15555,9637,167.1825501,74.22905811,0.8960267679,9871,110.7709777,0.5672827879,399.157,0.7600886076,2.252252074,0
17578,8417,160.0211988,67.47320516,0.9067578906,8615,103.5222548,0.6050172513,372.796,0.7610701758,2.371625869,0
938,6855,151.5600705,58.25949206,0.923167184,7046,93.4240712,0.6225592589,357.066,0.6756477367,2.601465704,1
397,5301,128.0022172,53.43802216,0.9086873445,5416,82.15499271,0.7322834646,299.091,0.7446650628,2.395339723,1
10766,5743,160.0562143,46.13714355,0.9575534202,5895,85.51148873,0.4249038177,354.34,0.5747888284,3.46914009,1
9158,6529,165.1646124,51.47386777,0.9501963396,6709,91.17555038,0.4707281903,362.732,0.623569395,3.208708022,1
1412,4791,128.7469394,48.16783649,0.9273770704,4913,78.10307714,0.7312271062,293.169,0.7004867803,2.672881923,1
14468,9225,161.9920031,73.14824347,0.8922434597,9442,108.3772799,0.6386734976,386.632,0.775497937,2.214571334,0
17136,8253,157.5791481,67.60028579,0.9033080115,8455,102.5087604,0.5568825911,374.629,0.7389565841,2.331042632,0
17004,9116,165.0325229,71.10937836,0.9024087569,9385,107.7350996,0.5530882174,389.929,0.7534303464,2.320826404,0
6111,6244,155.4327384,51.91095508,0.9425812343,6397,89.16337655,0.4811218986,342.365,0.6694128392,2.99421843,1
13350,8787,157.2045147,72.14191877,0.8884854034,9031,105.773134,0.7933369447,377.26,0.7758342885,2.179100824,0
17221,7722,152.9264541,65.44653668,0.9037972688,8000,99.15621899,0.6554621849,367.163,0.7198165735,2.336662288,0
8808,5907,124.167979,61.24913835,0.8698726092,6013,86.72384903,0.7134057971,300.869,0.8200152889,2.02726083,0
13912,8862,158.7746564,72.26819826,0.8904086182,9110,106.2235795,0.6028571429,380.281,0.7700738131,2.197019716,0
8622,6655,164.8199732,52.14863991,0.948626678,6803,92.05112259,0.7171336207,360.744,0.6426280688,3.160580476,1
13961,8541,155.8239168,70.87090193,0.8905864404,8765,104.2820164,0.581495098,371.485,0.7777428394,2.198700914,0
11341,9028,156.3298325,74.47518325,0.8792298714,9217,107.2138359,0.6233084783,378.569,0.7916100855,2.099086241,0
2519,6778,156.5722147,56.5152143,0.9325839988,6991,92.89788821,0.4885045045,355.367,0.6744616125,2.770443616,1
1211,4945,130.3677152,49.24146678,0.9259230801,5120,79.34840609,0.6036376953,303.591,0.6742149442,2.647518924,1
12948,8867,157.5290417,72.73790642,0.8870138408,9104,106.2535413,0.5754055808,379.837,0.7723106757,2.165707668,0
2584,5934,146.0844408,52.62516423,0.9328604376,6041,86.92182383,0.8528312734,327.208,0.6964814907,2.775942707,1
4386,5713,112.1976046,65.59798516,0.8112749983,5837,85.28785095,0.6830463893,289.249,0.8580850899,1.710381872,0
1086,5848,141.7400947,53.90973282,0.9248458502,6008,86.28965672,0.718251044,323.272,0.7032035391,2.629211597,1
13372,8947,158.136262,72.54132947,0.8885773981,9133,106.7317863,0.6361180235,377.808,0.7876712642,2.179947117,0
8031,6349,160.4521029,51.53045634,0.94702567,6540,89.90994311,0.67585693,353.847,0.6372123073,3.113733398,1
15409,8587,157.907548,70.25859095,0.8955628776,8845,104.5624597,0.6360740741,375.144,0.7667527059,2.247519426,0
13136,9744,164.6954182,75.81598218,0.8877423964,9933,111.3842274,0.8078262311,393.718,0.7899081571,2.17230475,0
7113,6250,157.0739325,51.47244381,0.944783342,6435,89.20620581,0.4905423436,349.079,0.6445289587,3.051612102,1
16167,7417,147.2891974,64.70145012,0.898349365,7577,97.17827794,0.5854447865,350.955,0.7567201086,2.276443529,0
3049,6413,153.867947,54.79645889,0.9344377404,6603,90.36196767,0.4780113298,350.048,0.6576819194,2.807990701,1
8496,9105,153.9820916,76.38084973,0.8683012549,9370,107.6700797,0.6031399046,380.498,0.7902873994,2.015977723,0
7837,5423,147.8060602,47.67585735,0.9465500926,5556,83.09499414,0.4652539465,326.437,0.6395149662,3.100228678,1
11090,9427,160.0461232,76.57062316,0.8781265235,9739,109.5574242,0.6243046358,390.453,0.7770444145,2.090176579,0
5953,6272,157.0234348,52.61932092,0.9421808279,6452,89.36307081,0.4887018856,349.459,0.6453918162,2.984140275,1
12448,9613,163.1021991,75.9586759,0.8849362648,9862,110.6329596,0.5944959802,390.902,0.7905566959,2.147249108,0
4203,6587,157.5110396,54.73744302,0.9376744375,6723,91.57963137,0.8226551767,358.817,0.6429119613,2.87757394,1
15925,8650,159.0766547,70.19826258,0.8973666349,8862,104.9453289,0.5846174642,376.29,0.7676806915,2.266105298,0
5413,5259,141.9052358,48.05164165,0.9409239989,5383,81.82888711,0.5256897241,315.59,0.6635391743,2.953181847,1
16117,9178,163.9060378,72.0558701,0.898185365,9384,108.1008443,0.5577297035,386.652,0.7714670744,2.274707635,0
1319,5875,142.5644963,53.59481245,0.9266465238,6002,86.48862541,0.5047684509,326.654,0.6918975195,2.660042825,1
15958,8962,162.0669152,71.46493502,0.8975270349,9209,106.8212189,0.6016380236,383.233,0.7668121857,2.267782306,0
13497,8624,156.1202492,71.49525048,0.8889780093,8878,104.7874889,0.5775128909,374.669,0.7720102908,2.183645042,0
17677,7785,154.2706772,64.65237088,0.9079474707,7916,99.55988075,0.5695785777,358.084,0.762954517,2.386156534,0
6691,5530,148.5659557,49.07727144,0.94386202,5743,83.91075427,0.7783251232,329.813,0.6388508184,3.027184506,1
3616,5549,143.0795424,50.33364092,0.9360797651,5728,84.05478115,0.7105903445,323.04,0.6682084843,2.842622544,1
4247,6295,153.1168311,53.15338095,0.9378123414,6423,89.52677216,0.5200760079,343.082,0.6720626068,2.88066024,1
15291,9009,161.1285884,71.83242867,0.8951285631,9174,107.1009573,0.7310126582,381.553,0.7776366233,2.243117647,0
15432,7956,151.4526161,67.3610845,0.8956464468,8053,100.6473736,0.8214765101,353.434,0.8003648121,2.248369622,0
14104,9835,167.3692468,75.97268087,0.8910411261,10156,111.9031319,0.5991106238,401.61,0.7662583005,2.203018834,0
14348,9504,164.4251496,74.35974587,0.8918959262,9651,110.0039483,0.7870807453,392.519,0.7751663722,2.211211828,0
131,2985,89.54280748,44.87519946,0.865355119,3078,61.64916902,0.8076298701,225.237,0.7393919723,1.995374027,1
10079,6037,160.7529045,48.2935614,0.9538066753,6250,87.67295553,0.8233769776,364.086,0.5722991235,3.328661209,1
8869,6349,161.7064222,50.83868232,0.9492943193,6488,89.90994311,0.6871212121,354.31,0.6355480216,3.180775244,1
14703,9410,163.9357856,73.72960414,0.8931560701,9612,109.4585954,0.682131207,388.773,0.7823611848,2.22347302,0
11336,8096,148.1427705,70.58536337,0.8791915435,8347,101.5290468,0.6087218045,358.754,0.7904726706,2.098774638,0
11267,7917,146.5560729,69.91864684,0.8788610731,8169,100.4003858,0.7805383023,356.775,0.7815948324,2.09609424,0
2120,6566,152.5765142,55.68596089,0.9310189958,6742,91.43353242,0.5308432371,345.812,0.6899706596,2.739945792,1
15671,8693,159.348317,70.60768073,0.896470822,9016,105.2058523,0.647282204,382.413,0.7469890723,2.25681279,0
4166,5459,142.9467636,49.71641108,0.9375699778,5628,83.3703465,0.7485259838,325.58,0.6471538224,2.875243014,1
5387,5823,150.2973385,50.92761432,0.940841941,6016,86.10501651,0.5539383562,338.473,0.6387171725,2.951195348,1
9274,8315,147.8303908,72.60667903,0.8710758418,8551,102.8930844,0.6035859466,362.503,0.7951497147,2.036043967,0
6076,6753,161.4310474,53.9537417,0.9424945237,6886,92.72640749,0.4796164773,356.871,0.6663219164,2.992026916,1
9721,6697,169.3019975,51.67344033,0.9522835985,6874,92.3411351,0.4365710561,370.726,0.6123279343,3.276383311,1
10916,9125,156.59013,75.14034233,0.8773485588,9355,107.7882686,0.7904539155,379.485,0.7962574504,2.083968813,0
6346,6070,154.2806301,51.30339194,0.9430916403,6277,87.91225191,0.7095265926,343.988,0.6446321628,3.007220853,1
15962,7501,148.1063184,65.30377637,0.8975439581,7655,97.72701686,0.7037905798,349.456,0.7718697597,2.267959476,0
16485,8445,157.5861146,68.75506667,0.8998005079,8659,103.6943005,0.6986845371,373.077,0.7624521023,2.291992754,0
4979,6915,162.1376083,55.43077171,0.9397454878,7075,93.83203851,0.7014607425,366.483,0.6469852515,2.925046925,1
13266,8722,155.9766862,71.66682423,0.8881925721,8937,105.3811905,0.6651921904,373.143,0.7871823514,2.176414092,0
7795,7955,143.3972884,72.10048897,0.8644014283,8156,100.6410482,0.6423611111,355.338,0.7917111125,1.988853202,0
6089,5470,145.3063252,48.54502263,0.9425420744,5572,83.45430073,0.469971647,320.319,0.6699336468,2.993228087,1
9398,6534,165.3268368,51.09375266,0.9510467865,6718,91.21045546,0.8108711839,362.72,0.624088225,3.235754435,1
6426,6143,155.3888799,51.59826226,0.9432586493,6357,88.43930418,0.6849910794,349.455,0.6321321251,3.01151382,1
16631,8589,159.4719688,69.33587825,0.900534717,8744,104.5746358,0.7388387097,379.518,0.7493551724,2.299992051,0
10765,5193,152.8198899,44.05440529,0.9575471661,5335,81.31379315,0.4156062425,327.191,0.6095726716,3.468890089,1
9921,6590,167.4139561,50.66779319,0.9531018436,6753,91.60048362,0.7401168014,361.347,0.6342294024,3.304149353,1
8009,6471,162.1217131,52.09741157,0.9469613334,6661,90.76967056,0.5497408886,356.701,0.6391055811,3.111895739,1
2335,6477,152.8867828,55.47656324,0.9318435012,6698,90.81174225,0.5029507688,346.218,0.6790229836,2.755880571,1
4041,6989,161.2753357,56.22481372,0.9372618341,7166,94.33276832,0.808912037,364.234,0.6620090675,2.868401424,1
11434,8965,155.7000964,74.05727124,0.8796397659,9267,106.8390964,0.6400828216,379.329,0.7829392503,2.102428213,0
4668,6062,151.9429252,52.28906494,0.938919729,6273,87.85430052,0.4664512158,342.939,0.6477270613,2.905826014,1
16668,8245,156.1244327,67.82091425,0.9007186444,8522,102.4590652,0.7137292244,372.736,0.745757867,2.302010146,0
3459,5036,136.0307181,48.01063751,0.9356460791,5140,80.07517935,0.488837119,308.648,0.6643067284,2.833345382,1
11558,6853,136.0118458,64.5247865,0.8803063617,6964,93.4104416,0.7939983779,325.804,0.8112930805,2.107900749,0
656,5024,128.6433231,50.78150019,0.9187900788,5157,79.97971913,0.6940185108,297.611,0.7127898987,2.533271419,1
12256,8468,152.7191378,71.35165992,0.8841472367,8681,103.8354105,0.6636363636,367.039,0.7898894029,2.1403726,0
12727,7066,139.8172311,64.82184301,0.8860349687,7189,94.85099168,0.5796554553,334.93,0.7915446142,2.156946249,0
8631,7107,170.2321849,53.84930294,0.9486496921,7273,95.12577697,0.751745293,371.246,0.6479964303,3.16126998,1
13827,9018,159.7885451,72.79966513,0.8901845973,9147,107.1544409,0.755782769,379.559,0.7866137027,2.194907694,0
15536,9679,167.6074941,74.43351143,0.8959801147,10047,111.0120964,0.6023773961,399.99,0.7602248931,2.25177465,0
8984,5864,155.9299245,48.85338149,0.9496530712,6019,86.4076194,0.4602825746,341.545,0.6316957599,3.19179389,1
15537,7109,143.2843782,63.63056173,0.8959842506,7225,95.13916083,0.7307020249,337.811,0.7828360264,2.251816962,0
8280,5335,147.6384546,47.13843998,0.9476594344,5510,82.4180379,0.6860853909,326.646,0.6283326089,3.132018256,1
1176,5664,139.8501254,52.92059202,0.9256383637,5790,84.92130935,0.5150027278,319.035,0.6992885996,2.642640985,1
5842,5980,151.3938012,50.84726972,0.9419115698,6178,87.25807973,0.5932539683,338.564,0.6555857331,2.977422427,1
2517,6351,151.0717289,54.53035297,0.9325825752,6492,89.92410327,0.8196954053,338.828,0.6951737941,2.770415387,1
17742,7492,152.0487582,63.43689432,0.9088082021,7623,97.66837087,0.5763963687,354.165,0.7505789012,2.396850601,0
5909,6201,154.5128779,51.82883189,0.9420638029,6320,88.85582939,0.4806976744,339.488,0.6761183764,2.981214746,1
11554,6380,131.5404263,62.41290341,0.8802679146,6512,90.12917561,0.6225604996,317.527,0.7951869101,2.107583835,0
450,4662,121.9966621,50.15451213,0.911584027,4794,77.04442068,0.6121323529,282.244,0.7354153601,2.432416486,1
3580,5709,146.1578828,51.46503864,0.9359550562,5920,85.25798825,0.4766238103,330.895,0.6552235485,2.83994507,1
2022,6019,145.9118391,53.4108774,0.9305955925,6170,87.54215453,0.5076754386,333.36,0.6806239584,2.731874971,1
2267,5690,142.5701486,51.83842085,0.931555406,5817,85.11599738,0.5526418026,321.132,0.6933538992,2.750279546,1
7556,7645,139.6995034,70.53675592,0.8631674737,7846,98.66061179,0.7973508552,351.318,0.7783708269,1.980520675,0
9554,7266,138.7352446,67.87487443,0.8721490219,7583,96.18398272,0.635250918,340.046,0.789641412,2.043985285,0
17142,8840,162.6831086,69.77742454,0.9033442718,8988,106.0916471,0.6203508772,379.594,0.7709450967,2.331457626,0
2271,5542,140.1165316,50.94338573,0.9315634881,5625,84.00174734,0.5123890533,312.379,0.7136951162,2.750436187,1
4316,5453,143.3578088,49.68610008,0.9380174517,5657,83.32451763,0.8057033097,331.41,0.6238987913,2.885269896,1
536,6505,144.2948729,58.1461796,0.9152141804,6619,91.00781966,0.7783893742,330.607,0.7478819909,2.481588194,1
12726,8730,156.7290796,72.66252281,0.8860348505,9016,105.4295083,0.7267732268,378.724,0.7648538422,2.156945198,0
2930,6122,148.8975549,53.17576928,0.9340547268,6304,88.28800877,0.634009942,343.369,0.6525007601,2.800101567,1
9302,6847,169.8446361,52.68696065,0.9506691027,7101,93.36954087,0.7684624018,372.214,0.621047451,3.223655986,1
8188,5038,143.9567648,46.0620931,0.9474270952,5306,80.09107832,0.4817364697,319.619,0.6197304714,3.125276232,1
12387,9580,162.4156523,75.71816357,0.8846793983,9729,110.4429031,0.7627388535,387.119,0.8033159659,2.145002529,0
5716,6741,161.0161562,54.21110803,0.9416187068,6907,92.643984,0.4789002558,360.998,0.6500168272,2.970169068,1
10445,5751,158.474727,46.73332646,0.9555298163,5876,85.57102677,0.8014214047,341.392,0.6200783266,3.39104316,1
3670,4492,128.1453677,45.00982181,0.9362853344,4613,75.6266622,0.6245828699,291.532,0.6641667771,2.847053434,1
11629,6743,135.0110037,63.92550407,0.8808026024,6862,92.65772634,0.7292883409,326.838,0.793227816,2.112005304,0
2606,6033,148.6791468,53.53382332,0.9329280851,6238,87.64390551,0.7639609978,338.977,0.6597854375,2.777293636,1
4719,6889,160.5483951,55.19114744,0.9390551883,7028,93.65547087,0.4796017822,358.949,0.6718936757,2.908951934,1
16385,8646,159.4399452,69.7329179,0.8992857082,8846,104.9210613,0.6001665973,375.626,0.7700409199,2.28643731,0
7316,6425,159.4792665,52.03165026,0.9452801904,6610,90.44647077,0.6953463203,355.84,0.637636934,3.065043405,1
1863,5695,141.9965444,52.21982167,0.9299230445,5868,85.15338635,0.654296875,332.419,0.6476373917,2.719207762,1
17511,8925,164.4065127,69.51907814,0.906200302,9077,106.6004828,0.5608974359,382.468,0.766704265,2.364912152,0
5269,6314,155.1505476,52.69997142,0.940544713,6449,89.66177829,0.79004004,341.92,0.678680595,2.944034758,1
16320,9289,165.1650855,72.33486071,0.8989969376,9515,108.752573,0.6294213308,389.344,0.7700374624,2.283340064,0
9587,7759,143.0138369,69.94492534,0.8722400371,7888,99.39348886,0.7917346939,344.13,0.823323567,2.044663515,0
6633,5815,151.2618722,50.02365151,0.943732804,5973,86.04584797,0.4971785226,335.622,0.6487221712,3.023807092,1
11437,4720,153.4707242,40.16226094,0.9651510837,4825,77.52219457,0.7593307593,324.868,0.5620021708,3.821267045,1
12441,8730,155.3751505,72.36896612,0.8849062171,8919,105.4295083,0.5846112636,373.9,0.78471721,2.146985909,0
9244,7103,137.0557674,67.33813769,0.8709795568,7365,95.0990036,0.7516402116,336.488,0.7883381014,2.035336469,0
3473,5150,137.0563461,48.3555485,0.9356930613,5267,80.97643889,0.67780995,304.755,0.6968116672,2.834345806,1
2449,6876,157.005914,56.78964088,0.9322930533,7079,93.5670621,0.6470920384,358.148,0.6736288387,2.764692848,1
6931,6009,153.603202,50.5073823,0.9443935709,6128,87.46940279,0.4667184466,340.314,0.6520072677,3.041202989,1
14456,9291,162.9568174,73.59427963,0.8922112518,9585,108.76428,0.6524578652,392.536,0.7577280052,2.21425929,0
12350,8699,155.1133282,72.36149655,0.8845173596,8963,105.2421532,0.616425737,374.574,0.7791192546,2.143589279,0
1689,5856,143.2544309,53.0252975,0.9289729186,6028,86.34865821,0.6285959639,326.076,0.6921070329,2.701624276,1
4716,6691,159.525402,54.84276341,0.9390476459,6882,92.29976053,0.6431180315,357.734,0.6570228241,2.908777605,1
4442,5226,139.724788,48.29061559,0.9383773695,5402,81.57174671,0.563693237,313.49,0.6682391034,2.893414928,1
17067,9168,165.4849655,71.14938366,0.9028552242,9343,108.041937,0.8084656085,386.349,0.771835738,2.325880521,0
197,4562,111.7569232,53.44922494,0.8782165457,4695,76.21363922,0.5462164751,278.618,0.738493716,2.090898855,1
519,5930,137.8066123,55.70828794,0.9146486448,6068,86.89252269,0.6129198966,316.748,0.7427399681,2.473718318,1
6519,6235,156.6683975,51.94064501,0.9434438447,6444,89.09909406,0.4832958685,347.722,0.648010412,3.016296725,1
13699,8925,158.4369101,72.3318324,0.8897059792,9137,106.6004828,0.6155172414,380.099,0.7762911494,2.190417481,0
16008,7522,147.9353615,65.16068082,0.8977686829,7652,97.86372083,0.574023199,349.668,0.7730924182,2.270316388,0
2276,5155,135.086707,49.11032971,0.9315759657,5292,81.01573831,0.5200766747,303.592,0.7028422934,2.750678071,1
8036,5444,147.9108448,47.49598042,0.9470411496,5620,83.25572702,0.4652991453,330.323,0.626975185,3.114176051,1
402,6987,146.6962997,61.18062105,0.9088806378,7242,94.31927003,0.5624245351,375.651,0.6222021518,2.39775761,1
16404,8424,157.7440588,68.96015165,0.8993814141,8691,103.5652931,0.7493328589,374.084,0.7564669449,2.28746682,0
18137,6727,150.3373392,57.35390581,0.9243682597,6893,92.54773048,0.6039141754,348.837,0.6946822558,2.62122234,0
5364,6920,162.4903946,55.07641028,0.9408037433,7118,93.86595575,0.6824457594,362.977,0.6600209862,2.950272063,1
58,3746,93.9988852,51.71568655,0.8350504336,3847,69.06196735,0.6353459973,239.34,0.8217639092,1.817608766,1
13027,9019,159.0461204,73.34459724,0.8873206302,9326,107.1603819,0.6176551157,385.35,0.7632336758,2.168477657,0
7413,5333,145.5724371,47.38948215,0.9455286692,5514,82.4025879,0.4726160936,323.995,0.6384175711,3.071830087,1
5659,7835,138.2244267,73.6155806,0.8463795986,8020,99.87908606,0.8174230569,345.295,0.8257874637,1.877651791,0
10039,7841,144.2907176,70.15438771,0.8738466325,7992,99.91732217,0.5891059354,349.205,0.8080168381,2.056759702,0
1871,5381,138.3318714,50.8592777,0.9299597613,5529,82.77259202,0.6422007399,316.102,0.67673458,2.719894533,1
4562,6492,156.3527308,53.89787763,0.9387056403,6655,90.91683631,0.7714795009,350.895,0.6625734289,2.900907005,1
4287,5891,147.6317622,51.19571031,0.9379465778,6024,86.60631708,0.7911630406,334.09,0.6632418679,2.883674459,1
16303,8516,158.5973424,69.48124392,0.8989270165,8909,104.1292848,0.6482454137,381.611,0.7348585426,2.282592156,0
4157,5252,140.4924338,48.87038767,0.9375499503,5404,81.77440974,0.4862962963,312.98,0.6737540814,2.874796795,1
14768,7975,151.635037,68.13752439,0.8933547324,8110,100.7674817,0.6266205704,357.992,0.7819768793,2.225426274,0
4692,6200,152.4939653,52.45786998,0.938969778,6342,88.84866447,0.7654320988,340.424,0.6722970611,2.906979741,1
2233,5741,143.7552639,52.31068658,0.9314430611,5929,85.49659775,0.8040616246,321.568,0.6976727522,2.748105088,1
2936,6441,153.4054467,54.77960033,0.9340698593,6627,90.55901892,0.6972288374,347.446,0.6704841732,2.800411937,1
14802,8623,157.2403687,70.61490844,0.8934870652,8834,104.7814134,0.8010962467,374.878,0.7710602976,2.226730476,0
9869,6316,163.079854,49.46247598,0.9528944248,6550,89.67597763,0.7944654088,374.754,0.5651444035,3.297041863,1
2313,5353,138.3463099,50.23247015,0.9317532037,5505,82.55695781,0.7551135562,315.589,0.6754036338,2.754121179,1
6726,6287,156.5343415,51.67553321,0.9439380432,6459,89.46986653,0.4810988675,352.48,0.6358934693,3.029177094,1
100,3972,99.93602686,52.0746236,0.8535080926,4153,71.11474862,0.6110769231,253.449,0.7770302741,1.91909264,1
1695,6362,148.7356556,55.03203259,0.9290321824,6586,90.00194433,0.5172357724,353.354,0.6403000046,2.70271056,1
16635,9230,164.8302396,71.65350146,0.9005700613,9357,108.4066465,0.7913237311,386.431,0.7767256504,2.300379413,0
15474,8349,155.6972988,69.21148058,0.8957660027,8589,103.1032345,0.655955374,371.042,0.7620758174,2.249587749,0
7724,5910,154.2704404,49.87304684,0.9463022513,6063,86.74586854,0.7082933845,341.028,0.6385828764,3.093262798,1
9755,6815,170.3727481,51.95624739,0.9523663366,6997,93.15110036,0.7509641873,370.568,0.6236485214,3.279158074,1
4789,5724,146.4427716,50.2598042,0.9392607395,5831,85.36991949,0.4843869002,323.088,0.6890771253,2.913715521,1
15883,9265,164.367327,72.57694094,0.8972350053,9533,108.61199,0.5693829892,389.652,0.7668341903,2.264732088,0
10441,6844,173.1869067,51.08022878,0.9555149151,7006,93.34908379,0.4639685445,374.244,0.6140591007,3.390488079,1
9850,5744,156.8230136,47.59720427,0.9528285549,5902,85.51893325,0.7138951032,341.317,0.6195957865,3.294794641,1
1708,4498,125.573113,46.44982412,0.9290705291,4639,75.67715291,0.671744325,286.669,0.6878089967,2.703414176,1
255,5273,122.7478685,55.75784788,0.8908757973,5431,81.93773318,0.6698424797,302.73,0.7230306595,2.201445593,1
2421,6576,154.192213,55.82398829,0.9321619568,6766,91.50313244,0.4845983788,348.413,0.6807426586,2.762113881,1
12042,8632,153.4314001,72.00711689,0.8830326937,8804,104.8360804,0.629154519,373.21,0.7787799318,2.130781049,0
1303,5352,136.1109403,51.19083864,0.9265805285,5516,82.54924617,0.5966555184,311.455,0.6933225956,2.658892565,1
11292,9324,158.6054275,75.63267885,0.8789789366,9587,108.9572646,0.6040816327,384.657,0.7918899815,2.09704892,0
15158,8507,156.4634425,69.89664639,0.8946696784,8637,104.0742466,0.6284722222,368.34,0.7879316201,2.238497133,0
15209,8344,156.0544313,69.65935184,0.8948442233,8666,103.0723569,0.5515600212,377.183,0.7370211292,2.240250981,0
484,4738,123.0033869,50.13791447,0.9131542849,4844,77.66987166,0.5031860663,284.343,0.7364102725,2.453300825,1
12746,9639,163.9943458,75.99662255,0.8861439817,9946,110.7824714,0.6225135624,395.382,0.7748329063,2.157916237,0
4220,6432,155.5293517,54.02837981,0.9377230315,6757,90.49572781,0.5104761905,378.859,0.5631196504,2.878660293,1
12067,7991,148.1205368,69.47614939,0.883170854,8193,100.8685144,0.7199099099,357.098,0.7874738828,2.13196238,0
13060,9295,160.8048087,74.11775583,0.8874429712,9481,108.7876903,0.6089491614,388.387,0.7743367804,2.169585505,0
13675,8549,155.4186963,70.97280445,0.8896436043,8749,104.3308433,0.6705098039,372.555,0.7740061088,2.189834508,0
12464,9878,165.3220588,76.9712059,0.885004011,10237,112.1474932,0.7086083214,415.659,0.718463168,2.147842909,0
14464,8845,158.727916,71.67735463,0.8922338149,9027,106.1216461,0.7608602151,376.979,0.7821199884,2.214477876,0
9996,9387,157.6377319,76.722313,0.8735690767,9611,109.3247438,0.5967577877,382.276,0.8072027184,2.054653018,0
6956,6636,162.7384729,53.47703422,0.9444666785,6910,91.91962586,0.8026124819,363.308,0.6317806484,3.043146936,1
11851,9567,162.2742313,76.4323084,0.882129441,9865,110.3679425,0.6298222515,394.216,0.7736012166,2.123110432,0
9819,6110,162.5191714,49.42053396,0.9526431524,6327,88.20143773,0.5186316951,361.564,0.5873280052,3.288494849,1
3499,6025,148.6823686,52.43206099,0.9357572655,6203,87.58577657,0.6018379782,337.556,0.6644698066,2.835714747,1
9503,6218,161.9078342,49.89223566,0.9513371098,6498,88.97754486,0.7425364223,356.774,0.6138668576,3.245150916,1
12506,8673,155.6417578,72.41204743,0.8851802719,8924,105.084759,0.8109396914,376.259,0.7698487635,2.149390375,0
7022,8458,146.7129,75.05172756,0.8592504945,8694,103.7740819,0.5960535588,362.403,0.8092709976,1.954823757,0
3853,4381,128.9715277,45.12865525,0.9367826614,4549,74.68642745,0.4959809804,294.644,0.634144038,2.857863301,1
4133,5298,140.6333973,48.93689745,0.9375038367,5394,82.13174239,0.5212514758,312.872,0.6801245025,2.873770195,1
1912,5402,138.7922683,50.96327859,0.9301455443,5554,82.93394975,0.4955963303,319.258,0.6660101786,2.723377933,1
928,5007,129.9485145,49.98247074,0.9230696352,5201,79.84428847,0.7112215909,312.662,0.6436314429,2.59988177,1
8688,5482,149.3030955,47.15046773,0.9488245531,5650,83.54579094,0.48659684,336.407,0.6087217885,3.166524165,1
11301,7968,146.6460093,69.9123813,0.8790430099,8127,100.723248,0.6009049774,353.058,0.8032802256,2.097568507,0
7835,7867,142.3790515,71.47802266,0.8648523773,8145,100.0828432,0.6089009288,355.513,0.7821824041,1.991927675,0
15457,9034,161.5981916,71.85078499,0.8957162325,9325,107.2494571,0.598436672,387.592,0.7556841986,2.249080391,0
15934,8693,159.1154584,70.19811898,0.8974199919,8927,105.2058523,0.6800970114,377.575,0.7662545767,2.266662708,0
9023,6337,161.6912645,50.60594276,0.9497601024,6501,89.82493526,0.5202791461,353.601,0.6368931854,3.195104283,1
5273,5690,148.2561872,50.35295842,0.9405573944,5867,85.11599738,0.4720424755,330.86,0.6531810847,2.944339158,1
17932,8702,165.5220316,67.79321411,0.9122777292,8916,105.2602989,0.5782828283,383.912,0.7419345041,2.441572269,0
9872,5449,152.8204515,46.34778833,0.952900649,5591,83.29395104,0.442324864,337.172,0.6023149846,3.297254454,1
17577,8728,163.7629171,69.05296554,0.9067520449,8988,105.4174309,0.5369755137,385.603,0.7376388693,2.371555165,0
6648,5839,151.9837277,50.24513467,0.9437725484,6028,86.2232318,0.5235832138,336.001,0.6499309211,3.024844668,1
15921,8959,161.755849,71.38375453,0.8973569012,9118,106.8033383,0.7458374958,380.941,0.7758074854,2.266003659,0
12695,6904,138.3786915,64.18287005,0.8859292125,7061,93.7573774,0.7817028986,330.973,0.7920006057,2.156006602,0
13362,7946,149.8076713,68.72901518,0.888549025,8223,100.5841012,0.6217527387,360.762,0.7672145896,2.179685988,0
10084,6290,164.5729111,49.43464913,0.9538191582,6429,89.49121039,0.4581876457,358.499,0.6150134481,3.329100419,1
5360,6761,160.462194,54.39177222,0.9407974021,6942,92.7813158,0.5103411836,359.863,0.6560643024,2.950118877,1
10811,9962,163.5682192,78.6184394,0.8769146205,10220,112.6233206,0.7084340777,397.15,0.7936833462,2.080532512,0
1984,6150,148.1494832,54.27671345,0.9304714089,6341,88.48967849,0.5330675219,337.755,0.6774564875,2.729521996,1
15770,8334,156.418697,69.19027199,0.8968473559,8670,103.010574,0.5765877958,375.312,0.7434956966,2.2607036,0
7817,8393,147.0207541,73.86529128,0.8646271629,8663,103.3745592,0.6128066589,373.304,0.7568360322,1.99039023,0
15627,9817,168.5808011,74.76582556,0.8962736668,10018,111.8006825,0.6340092999,399.847,0.77161555,2.254784185,0
13708,9074,159.9420694,73.01186939,0.8897288183,9312,107.48663,0.6214217231,381.868,0.7819556207,2.190631068,0
1024,5404,135.1822993,51.64349149,0.924150541,5540,82.94930078,0.766633565,308.518,0.7134510635,2.61760573,1
11007,6379,171.5820988,48.35703198,0.9594642723,6585,90.12211191,0.7072062084,368.915,0.5889925999,3.548234699,1
13581,8034,150.2206825,68.69690991,0.8893090978,8155,101.1395398,0.5870661308,356.242,0.7955206377,2.186716734,0
18141,7194,156.4412924,59.50877138,0.9248259925,7465,95.70624475,0.533165345,356.987,0.7093743732,2.628877874,0
10204,5719,157.8114495,47.10746478,0.9544081536,5882,85.33262539,0.4300646714,344.913,0.6041027789,3.350030622,1
7153,7332,136.5654224,69.42569219,0.8611390574,7490,96.6198341,0.6927437642,340.657,0.7939582857,1.967073256,0
4986,5022,137.6813694,47.06155062,0.9397672791,5130,79.96379802,0.4909090909,308.359,0.6637022886,2.925559561,1
15594,9402,165.0569535,73.23448286,0.8961792407,9574,109.4120569,0.7643902439,389.772,0.7776941566,2.253814693,0
11252,6278,172.2341317,46.91215071,0.9621913748,6512,89.40580441,0.4000254874,379.218,0.5485968234,3.671418366,1
410,5658,133.0157281,55.34858972,0.9093162967,5827,84.87631792,0.746339533,312.248,0.7292450275,2.403236086,1
1200,5778,140.3421374,53.03991539,0.925832976,5937,85.77166251,0.7115763547,325.059,0.6871681337,2.645972121,1
2268,5108,134.7762547,49.00351245,0.9315584561,5264,80.64556773,0.6142376142,308.958,0.672452887,2.750338658,1
5768,6171,155.120379,52.16989227,0.9417482132,6434,88.64062968,0.5102952121,347.514,0.6421268054,2.973369741,1
8292,5722,151.9363621,48.49978208,0.9476836163,5859,85.35500381,0.4591189922,333.682,0.645791252,3.132722572,1
5922,5139,141.5871327,47.47780794,0.9421022546,5318,80.88991297,0.5162748644,319.014,0.6345545997,2.982175017,1
12163,9081,158.1625892,74.02842265,0.8837005688,9315,107.5280815,0.5857198142,382.964,0.7780860667,2.136511675,0
6097,6084,153.9646917,51.42960973,0.942560639,6254,88.01357503,0.5026437541,343.156,0.6492558564,2.993697453,1
8888,8010,144.9914158,71.4820592,0.8700242635,8343,100.9883595,0.6018031555,358.962,0.7811697685,2.028360926,0
16019,9354,165.2137998,72.75843358,0.8978067889,9531,109.132409,0.6770411118,389.467,0.7749361112,2.270716832,0
6182,8372,143.802061,75.28227639,0.8520175672,8619,103.2451523,0.7447073474,359.439,0.8143079767,1.910171529,0
8867,5697,154.1560985,48.46842828,0.9492868365,5840,85.16833735,0.4462984724,339.779,0.620101834,3.180546678,1
12300,8143,150.2503795,70.14825634,0.8843229321,8309,101.8233255,0.7385271177,361.531,0.7828944493,2.141897566,0
18158,6074,144.9114476,54.04303261,0.927856134,6238,87.94121329,0.7480295567,331.038,0.6965125605,2.681408511,0
8608,6431,162.7665168,51.52304457,0.9485772535,6625,90.48869273,0.5103968254,359.001,0.6270426145,3.159101294,1
16777,8725,161.0803858,69.81318898,0.9011988289,8938,105.3993123,0.7669655415,380.072,0.7590030957,2.307305943,0
13857,8070,151.0353263,68.78738298,0.8902669751,8294,101.3658874,0.7849430989,359.917,0.7828502206,2.195683565,0
15482,9141,162.5871069,72.26643835,0.8957896263,9351,107.8827265,0.5625230769,391.383,0.7498936176,2.249828697,0
7137,6466,160.1352432,52.45092168,0.944836828,6649,90.73459592,0.5114697042,356.851,0.6380749984,3.053049175,1
274,5008,120.1405384,53.7163328,0.8944777469,5109,79.85226133,0.8251771297,285.494,0.7721118419,2.236573722,1
4746,6379,155.2937278,53.34981675,0.9391375519,6549,90.12211191,0.5231690314,348.183,0.6612220692,2.910857754,1
15213,6851,140.9534764,62.9163972,0.894852052,7104,93.39681002,0.6844155844,339.259,0.7479991017,2.240329749,0
5765,6071,152.7813364,51.38542763,0.9417430724,6225,87.91949315,0.6555447576,341.624,0.6536922709,2.973242483,1
665,5221,131.2466527,51.78166654,0.9188800357,5373,81.53271529,0.5175455987,304.29,0.708578869,2.534616236,1
12011,8032,148.1148997,69.55925228,0.8828631455,8161,101.12695,0.7020979021,353.161,0.8092600249,2.12933427,0
6396,6397,157.4778814,52.32355369,0.9431879407,6566,90.24917378,0.5038594833,346.522,0.6694599336,3.009693921,1
4833,5856,149.0323815,51.10455179,0.9393686103,6031,86.34865821,0.52899729,336.424,0.6501850685,2.916225195,1
3116,6182,151.0173353,53.69558022,0.9346538195,6388,88.71959685,0.5883136658,341.831,0.6648382134,2.812472362,1
2309,5208,137.2502671,49.8410825,0.9317345287,5399,81.43114606,0.6259615385,313.042,0.6678449102,2.753757749,1
8620,5668,151.480754,47.93429823,0.948613125,5774,84.95129039,0.4866071429,329.852,0.6546383781,3.160174647,1
5116,6457,157.1698163,53.55294436,0.9401601017,6642,90.67142736,0.5856158172,352.054,0.6546694637,2.934849207,1
13649,8292,153.2976855,70.02979901,0.88955798,8525,102.7506803,0.5982683983,365.899,0.7782994299,2.189035063,0
16413,7821,152.7441218,66.75876925,0.8994310054,8058,99.7898115,0.5527989822,363.023,0.7457682106,2.288000865,0
14080,9175,161.1172102,73.15949743,0.8909628308,9346,108.0831755,0.5996340108,383.51,0.7839034064,2.202273332,0
3935,6425,154.0892685,53.83155474,0.9369911696,6591,90.44647077,0.5290678524,349.185,0.6621735623,2.862433925,1
12841,7546,145.1628894,67.16096474,0.886536151,7798,98.01972049,0.6169064748,351.129,0.7691185138,2.161417573,0
17850,8225,160.0669569,66.08195184,0.9108038218,8435,102.3347217,0.7958393807,372.256,0.7458686575,2.422249228,0
7052,5906,153.8886975,50.47754162,0.9446731,6105,86.71650795,0.4624539973,344.332,0.6259628171,3.048656739,1
3311,6726,117.8391345,75.6131694,0.766985584,6933,92.5408514,0.6539620807,319.908,0.8258791946,1.558447231,0
12033,9371,160.4052191,75.29425729,0.8829854826,9651,109.2315329,0.6088227651,387.932,0.782500441,2.130377866,0
3861,6200,151.2683024,52.92627578,0.9367932377,6369,88.84866447,0.6193806194,338.258,0.6809345965,2.858094588,1
7253,6629,163.1737948,53.32530918,0.9450932796,6846,91.87113226,0.4746867168,363.038,0.6320533115,3.059969033,1
455,6416,142.5335656,58.50998343,0.9118607408,6559,90.38310085,0.5588363383,331.296,0.7345846257,2.436055477,1
4780,5479,143.4209372,49.2345034,0.9392306567,5616,83.52292778,0.4770985719,322.144,0.6634543877,2.913016834,1
388,5331,128.6889548,53.81889593,0.9083507709,5471,82.387135,0.6587988136,303.102,0.7291904001,2.391148176,1
6694,6512,159.7501167,52.76850892,0.9438693323,6643,91.05677303,0.4682197297,356.268,0.6447192304,3.027375986,1
16907,8962,163.256615,70.52426363,0.9018812162,9116,106.8212189,0.7731193927,380.973,0.7759369046,2.314899959,0
11265,7709,144.2507807,68.81978788,0.8788575179,7888,99.072719,0.7990257048,347.677,0.8014122683,2.096065466,0
13665,7798,148.6748601,67.90235184,0.8896119857,8056,99.64297251,0.5838574423,356.706,0.7701445845,2.189539185,0
15485,8529,157.4476982,69.97917376,0.8957987936,8778,104.2087332,0.5905282836,379.563,0.743943986,2.249922223,0
16228,8642,159.3230329,69.92194221,0.89855105,8851,104.8967881,0.5566505636,377.827,0.7607433175,2.278584203,0
16359,8208,155.5650219,68.06716898,0.8991950405,8442,102.2289107,0.5538461538,367.63,0.7631770876,2.285463377,0
6799,6381,158.5610562,52.25834508,0.9441281097,6541,90.13623874,0.4938854489,353.105,0.6431183096,3.034176761,1
13679,7707,147.1246229,67.18107259,0.8896582484,7878,99.0598666,0.5996732026,355.554,0.7660975709,2.189971331,0
9057,6733,166.7386247,52.13998333,0.9498503312,6924,92.58899424,0.5280784314,364.715,0.6360792492,3.1979033,1
9074,8470,148.7211803,73.20622972,0.8704606039,8617,103.8476718,0.7394151026,360.721,0.817994572,2.031537219,0
15693,7813,150.6563136,66.73383522,0.8965442795,8037,99.73876159,0.7826304718,357.767,0.7670561031,2.257570137,0
17222,7529,150.0732917,64.22525689,0.9037980195,7644,97.90924641,0.5792429605,350.484,0.7702128638,2.336670944,0
11627,8181,148.8957871,70.50288673,0.8807911769,8315,102.0606325,0.6285824049,355.281,0.8144647477,2.111910505,0
1281,6299,147.9218911,55.7030784,0.9263878042,6503,89.55521142,0.7466808914,342.244,0.675786927,2.655542483,1
9264,7322,138.7775571,68.16541027,0.8710554564,7546,96.55392248,0.6116959064,338.616,0.8024623,2.035894108,0
15442,6518,137.9755841,61.35661122,0.8956836499,6642,91.09871213,0.5693570929,328.0,0.7613362922,2.248748445,0
16237,9305,165.4819052,72.60701746,0.8986037642,9605,108.8461941,0.6543600563,395.993,0.7456778171,2.279144784,0
17820,8166,159.1581616,65.94772088,0.9101160824,8315,101.9670247,0.5530272247,368.15,0.7571285622,2.41339897,0
13949,9101,161.1621333,73.31106781,0.8905475545,9408,107.6464263,0.7743554837,387.424,0.7619490588,2.198332913,0
16686,7392,148.0864461,64.30053984,0.9008119233,7553,97.01436345,0.5951690821,347.936,0.7673139423,2.303035814,0
3487,5791,146.1185742,51.54069835,0.9357243874,5916,85.86809771,0.7499352499,327.134,0.6800049295,2.835013472,1
11344,8614,153.1730696,72.96906765,0.8792377978,8810,104.7267179,0.7923105224,373.869,0.7744186774,2.099150702,0
6848,6154,124.5873941,64.12917005,0.8573508865,6286,88.51845095,0.6430512017,308.478,0.8126788604,1.942757002,0
537,5257,129.8935446,52.31921911,0.9152944596,5389,81.81332585,0.6538557214,298.925,0.7393045264,2.482711838,1
16980,8377,158.0468072,68.15028415,0.9022548569,8555,103.2759782,0.6408353733,372.357,0.7592404435,2.319092417,0
17364,9239,167.0862029,71.09613874,0.9049557247,9474,108.4594862,0.6396427582,391.238,0.7584950849,2.350144549,0
